id,date,day,steps,distance,stairs
1,2015-07-01,Wed,112,0.08,0
2,2015-07-02,Thu,11,0.01,0
3,2015-07-03,Fri,0,0,0
4,2015-07-04,Sat,150,0.13,0
5,2015-07-05,Sun,0,0,0
6,2015-07-06,Mon,0,0,0
7,2015-07-07,Tue,0,0,0
8,2015-07-08,Wed,0,0,0
9,2015-07-09,Thu,0,0,0
10,2015-07-10,Fri,0,0,0
11,2015-07-11,Sat,0,0,0
12,2015-07-12,Sun,0,0,0
13,2015-07-13,Mon,0,0,0
14,2015-07-14,Tue,0,0,0
15,2015-07-15,Wed,0,0,0
16,2015-07-16,Thu,0,0,0
17,2015-07-17,Fri,0,0,0
18,2015-07-18,Sat,0,0,0
19,2015-07-19,Sun,0,0,0
20,2015-07-20,Mon,0,0,0
21,2015-07-21,Tue,8418,6.2,13
22,2015-07-22,Wed,9298,6.7,11
23,2015-07-23,Thu,4083,3.1,6
24,2015-07-24,Fri,4496,3.3,5
25,2015-07-25,Sat,13964,10,10
26,2015-07-26,Sun,13819,9.8,28
27,2015-07-27,Mon,11374,8.1,1
28,2015-07-28,Tue,14788,10.2,34
29,2015-07-29,Wed,9316,6.5,16
30,2015-07-30,Thu,8784,6.4,25
31,2015-07-31,Fri,13182,8.1,20
32,2015-08-01,Sat,2670,2,0
33,2015-08-02,Sun,5284,3.5,6
34,2015-08-03,Mon,5614,4.2,5
35,2015-08-04,Tue,8712,6,20
36,2015-08-05,Wed,8116,6.1,1
37,2015-08-06,Thu,8801,6.5,9
38,2015-08-07,Fri,8439,6.4,21
39,2015-08-08,Sat,9457,6.8,8
40,2015-08-09,Sun,6471,4.7,8
41,2015-08-10,Mon,8694,6.6,14
42,2015-08-11,Tue,15123,10.5,12
43,2015-08-12,Wed,15543,10.3,11
44,2015-08-13,Thu,10348,7.3,10
45,2015-08-14,Fri,5270,3.9,6
46,2015-08-15,Sat,2027,1.5,1
47,2015-08-16,Sun,6034,4.4,4
48,2015-08-17,Mon,9936,7.3,10
49,2015-08-18,Tue,7654,5.1,15
50,2015-08-19,Wed,9286,6.6,18
51,2015-08-20,Thu,7947,5.7,0
52,2015-08-21,Fri,22600,14.2,3
53,2015-08-22,Sat,8440,6.8,6
54,2015-08-23,Sun,6837,5,7
55,2015-08-24,Mon,10286,7.1,26
56,2015-08-25,Tue,9305,7.2,20
57,2015-08-26,Wed,4559,3.6,6
58,2015-08-27,Thu,11276,8.1,27
59,2015-08-28,Fri,15861,13,3
60,2015-08-29,Sat,9307,7.1,23
61,2015-08-30,Sun,4790,3.7,7
62,2015-08-31,Mon,6544,4.4,2
63,2015-09-01,Tue,9419,6.7,20
64,2015-09-02,Wed,11106,7.8,20
65,2015-09-03,Thu,4172,3.2,0
66,2015-09-04,Fri,8138,6.3,10
67,2015-09-05,Sat,11033,8.8,3
68,2015-09-06,Sun,3105,2.4,7
69,2015-09-07,Mon,14632,10.6,16
70,2015-09-08,Tue,7773,5.3,0
71,2015-09-09,Wed,0,0,0
72,2015-09-10,Thu,7022,5.6,6
73,2015-09-11,Fri,33,0.03,0
74,2015-09-12,Sat,9008,7,3
75,2015-09-13,Sun,7565,5.4,7
76,2015-09-14,Mon,5929,4.2,3
77,2015-09-15,Tue,8829,6.3,6
78,2015-09-16,Wed,3275,2.6,2
79,2015-09-17,Thu,12265,9.2,9
80,2015-09-18,Fri,12327,9.2,6
81,2015-09-19,Sat,4626,3.6,5
82,2015-09-20,Sun,4516,3.5,8
83,2015-09-21,Mon,5939,4.6,5
84,2015-09-22,Tue,8780,7,15
85,2015-09-23,Wed,8996,7.2,9
86,2015-09-24,Thu,7258,5.3,2
87,2015-09-25,Fri,8154,6.3,3
88,2015-09-26,Sat,9690,7.4,0
89,2015-09-27,Sun,10708,7.4,6
90,2015-09-28,Mon,5051,3.5,3
91,2015-09-29,Tue,2858,2.1,0
92,2015-09-30,Wed,13640,10.6,10
93,2015-10-01,Thu,8923,7.1,4
94,2015-10-02,Fri,8421,6.3,16
95,2015-10-03,Sat,16287,11.3,33
96,2015-10-04,Sun,11945,9.2,11
97,2015-10-05,Mon,7472,5.7,19
98,2015-10-06,Tue,11619,8.5,5
99,2015-10-07,Wed,7352,5.8,3
100,2015-10-08,Thu,10102,7.9,3
101,2015-10-09,Fri,10652,7.3,4
102,2015-10-10,Sat,2795,1.9,19
103,2015-10-11,Sun,1628,1.3,1
104,2015-10-12,Mon,3742,2.9,1
105,2015-10-13,Tue,9468,7.3,6
106,2015-10-14,Wed,13965,10.9,12
107,2015-10-15,Thu,8935,6.4,2
108,2015-10-16,Fri,12689,10.2,0
109,2015-10-17,Sat,17251,13.6,16
110,2015-10-18,Sun,8762,6.9,4
111,2015-10-19,Mon,6793,4.5,5
112,2015-10-20,Tue,22528,15.4,3
113,2015-10-21,Wed,2537,1.8,1
114,2015-10-22,Thu,10034,7.3,8
115,2015-10-23,Fri,9524,6,16
116,2015-10-24,Sat,9074,6.2,4
117,2015-10-25,Sun,7310,5.5,9
118,2015-10-26,Mon,6840,5.1,6
119,2015-10-27,Tue,6717,5.1,4
120,2015-10-28,Wed,11120,8.7,5
121,2015-10-29,Thu,13714,10.8,12
122,2015-10-30,Fri,11984,9.3,11
123,2015-10-31,Sat,7142,5.4,15
124,2015-11-01,Sun,6476,5.1,6
125,2015-11-02,Mon,12773,9.7,6
126,2015-11-03,Tue,8889,6.8,6
127,2015-11-04,Wed,11529,9,6
128,2015-11-05,Thu,11402,8.8,8
129,2015-11-06,Fri,7869,5.9,15
130,2015-11-07,Sat,7977,6.3,11
131,2015-11-08,Sun,4692,3.7,10
132,2015-11-09,Mon,13587,10.6,12
133,2015-11-10,Tue,11828,9.3,9
134,2015-11-11,Wed,10811,8.5,11
135,2015-11-12,Thu,13904,10.7,9
136,2015-11-13,Fri,13400,10.5,14
137,2015-11-14,Sat,8985,7.1,6
138,2015-11-15,Sun,9358,6.7,6
139,2015-11-16,Mon,12233,9.3,12
140,2015-11-17,Tue,13269,10.1,11
141,2015-11-18,Wed,12454,9.6,10
142,2015-11-19,Thu,11449,8.9,9
143,2015-11-20,Fri,12088,9.7,5
144,2015-11-21,Sat,7496,5.9,1
145,2015-11-22,Sun,10917,8.4,14
146,2015-11-23,Mon,12722,10.1,4
147,2015-11-24,Tue,13262,10.3,7
148,2015-11-25,Wed,12090,8.7,3
149,2015-11-26,Thu,10586,8,16
150,2015-11-27,Fri,0,0,0
151,2015-11-28,Sat,10607,8.4,4
152,2015-11-29,Sun,7236,5.7,11
153,2015-11-30,Mon,13116,9.7,5
154,2015-12-01,Tue,6771,5.5,4
155,2015-12-02,Wed,10755,8.2,5
156,2015-12-03,Thu,2892,1.9,1
157,2015-12-04,Fri,12,0.01,0
158,2015-12-05,Sat,3373,2.7,0
159,2015-12-06,Sun,7839,5.9,5
160,2015-12-07,Mon,10022,7.7,6
161,2015-12-08,Tue,14379,10.4,12
162,2015-12-09,Wed,7527,5.4,5
163,2015-12-10,Thu,4505,3.6,2
164,2015-12-11,Fri,10198,8,3
165,2015-12-12,Sat,9427,7.6,3
166,2015-12-13,Sun,4485,3.4,5
167,2015-12-14,Mon,22383,17.6,3
168,2015-12-15,Tue,108,0.1,0
169,2015-12-16,Wed,2347,1.9,1
170,2015-12-17,Thu,1398,1.1,0
171,2015-12-18,Fri,320,0.34,0
172,2015-12-19,Sat,2719,2.1,1
173,2015-12-20,Sun,9332,7.3,7
174,2015-12-21,Mon,16878,13.4,10
175,2015-12-22,Tue,8935,7.1,24
176,2015-12-23,Wed,8513,6.7,2
177,2015-12-24,Thu,18054,14.6,3
178,2015-12-25,Fri,4937,3.7,4
179,2015-12-26,Sat,9925,7.7,6
180,2015-12-27,Sun,6794,4.8,5
181,2015-12-28,Mon,2222,1.8,1
182,2015-12-29,Tue,1961,1.2,2
183,2015-12-30,Wed,3112,2.3,3
184,2015-12-31,Thu,2712,2.1,3
185,2016-01-01,Fri,7121,5.5,9
186,2016-01-02,Sat,2480,1.9,3
187,2016-01-03,Sun,7240,5.5,4
188,2016-01-04,Mon,2630,1.8,2
189,2016-01-05,Tue,2520,1.8,3
190,2016-01-06,Wed,1981,1.2,2
191,2016-01-07,Thu,5710,3.8,0
192,2016-01-08,Fri,4693,3.6,5
193,2016-01-09,Sat,8446,6.8,6
194,2016-01-10,Sun,10464,7.6,11
195,2016-01-11,Mon,3176,2.4,3
196,2016-01-12,Tue,6549,5.2,6
197,2016-01-13,Wed,6810,5.1,3
198,2016-01-14,Thu,7795,5.9,14
199,2016-01-15,Fri,19897,15.5,4
200,2016-01-16,Sat,16150,12.4,20
201,2016-01-17,Sun,5894,4.4,4
202,2016-01-18,Mon,7273,5.6,10
203,2016-01-19,Tue,3020,2.3,2
204,2016-01-20,Wed,2931,2.3,0
205,2016-01-21,Thu,10673,8.5,34
206,2016-01-22,Fri,13729,10.8,19
207,2016-01-23,Sat,8427,6.1,9
208,2016-01-24,Sun,3914,3.1,7
209,2016-01-25,Mon,11332,9,36
210,2016-01-26,Tue,11130,8.8,28
211,2016-01-27,Wed,10466,8.3,11
212,2016-01-28,Thu,6027,4.6,2
213,2016-01-29,Fri,22707,18.3,8
214,2016-01-30,Sat,48,0.05,0
215,2016-01-31,Sun,3470,2.7,5
216,2016-02-01,Mon,10639,8.6,33
217,2016-02-02,Tue,11373,8.6,22
218,2016-02-03,Wed,10263,8.2,33
219,2016-02-04,Thu,11080,8.5,31
220,2016-02-05,Fri,6775,4.9,2
221,2016-02-06,Sat,8339,6.5,9
222,2016-02-07,Sun,0,0,0
223,2016-02-08,Mon,24,0.02,0
224,2016-02-09,Tue,19,0.03,0
225,2016-02-10,Wed,3510,2.6,0
226,2016-02-11,Thu,2799,2.3,0
227,2016-02-12,Fri,13644,10.8,3
228,2016-02-13,Sat,1374,1.1,3
229,2016-02-14,Sun,2248,1.8,0
230,2016-02-15,Mon,1714,1.4,1
231,2016-02-16,Tue,3365,2.6,14
232,2016-02-17,Wed,11289,8.9,17
233,2016-02-18,Thu,4976,3.6,3
234,2016-02-19,Fri,10693,8.1,10
235,2016-02-20,Sat,13995,10.9,6
236,2016-02-21,Sun,4574,3.4,11
237,2016-02-22,Mon,2598,2.1,0
238,2016-02-23,Tue,1913,1.5,0
239,2016-02-24,Wed,1359,1.1,0
240,2016-02-25,Thu,2110,1.7,0
241,2016-02-26,Fri,4377,3.3,9
242,2016-02-27,Sat,8110,6.5,6
243,2016-02-28,Sun,9222,6.9,8
244,2016-02-29,Mon,4520,3.6,7
245,2016-03-01,Tue,3672,2.8,1
246,2016-03-02,Wed,8064,6.5,3
247,2016-03-03,Thu,20030,16.1,4
248,2016-03-04,Fri,6130,4.5,6
249,2016-03-05,Sat,4007,3.2,2
250,2016-03-06,Sun,7584,6,8
251,2016-03-07,Mon,5476,4.3,3
252,2016-03-08,Tue,30,0.03,0
253,2016-03-09,Wed,9468,6.7,17
254,2016-03-10,Thu,3438,2.8,0
255,2016-03-11,Fri,6554,5.4,12
256,2016-03-12,Sat,6752,5.58,0
257,2016-03-13,Sun,6724,5.3,7
258,2016-03-14,Mon,8,0,0
259,2016-03-15,Tue,4387,3.6,0
260,2016-03-16,Wed,14836,11.6,4
261,2016-03-17,Thu,3401,2.8,2
262,2016-03-18,Fri,12725,9.3,11
263,2016-03-19,Sat,19687,15.4,2
264,2016-03-20,Sun,3371,2.7,4
265,2016-03-21,Mon,2284,1.8,1
266,2016-03-22,Tue,2016,1.6,1
267,2016-03-23,Wed,2655,1.9,2
268,2016-03-24,Thu,4432,3.4,2
269,2016-03-25,Fri,2822,2.2,3
270,2016-03-26,Sat,9098,7.4,6
271,2016-03-27,Sun,3379,2.7,5
272,2016-03-28,Mon,6821,5.1,2
273,2016-03-29,Tue,8513,5.9,6
274,2016-03-30,Wed,8122,5.9,3
275,2016-03-31,Thu,8320,5.6,2
276,2016-04-01,Fri,23411,16.7,5
277,2016-04-02,Sat,3617,2.3,7
278,2016-04-03,Sun,8447,6.3,6
279,2016-04-04,Mon,6576,4.7,2
280,2016-04-05,Tue,8000,5.8,6
281,2016-04-06,Wed,5198,3.5,7
282,2016-04-07,Thu,9195,6.5,5
283,2016-04-08,Fri,6314,4.6,3
284,2016-04-09,Sat,9045,6.9,8
285,2016-04-10,Sun,5842,4.1,7
286,2016-04-11,Mon,6072,4.3,1
287,2016-04-12,Tue,14707,10.4,8
288,2016-04-13,Wed,6959,5.2,4
289,2016-04-14,Thu,9600,6.9,7
290,2016-04-15,Fri,932,0.65,0
291,2016-04-16,Sat,44,0.03,0
292,2016-04-17,Sun,90,0.06,0
293,2016-04-18,Mon,9109,6.8,2
294,2016-04-19,Tue,18,0.01,0
295,2016-04-20,Wed,14511,10.7,2
296,2016-04-21,Thu,1134,0.77,0
297,2016-04-22,Fri,2583,1.9,0
298,2016-04-23,Sat,10747,7.6,9
299,2016-04-24,Sun,7905,5.4,5
300,2016-04-25,Mon,3171,2.1,1
301,2016-04-26,Tue,10158,6.9,2
302,2016-04-27,Wed,14294,9.7,2
303,2016-04-28,Thu,12013,8.5,4
304,2016-04-29,Fri,2655,1.8,6
305,2016-04-30,Sat,5641,4.1,0
306,2016-05-01,Sun,7483,5.4,6
307,2016-05-02,Mon,3236,2.3,3
308,2016-05-03,Tue,3071,1.9,12
309,2016-05-04,Wed,6036,4,14
310,2016-05-05,Thu,9730,7.2,3
311,2016-05-06,Fri,8775,5.7,1
312,2016-05-07,Sat,14618,9.7,16
313,2016-05-08,Sun,9871,6.1,1
314,2016-05-09,Mon,6788,5.1,2
315,2016-05-10,Tue,6949,5.1,2
316,2016-05-11,Wed,5588,4.2,4
317,2016-05-12,Thu,3841,2.6,1
318,2016-05-13,Fri,11822,7.6,7
319,2016-05-14,Sat,13,0,0
320,2016-05-15,Sun,4867,3.4,11
321,2016-05-16,Mon,1284,9.3,2
322,2016-05-17,Tue,7292,5.5,5
323,2016-05-18,Wed,7068,5.4,2
324,2016-05-19,Thu,7633,5.7,2
325,2016-05-20,Fri,52,0.03,0
326,2016-05-21,Sat,99,0.07,0
327,2016-05-22,Sun,6217,4.5,18
328,2016-05-23,Mon,5879,4.4,3
329,2016-05-24,Tue,7830,6,2
330,2016-05-25,Wed,8918,6.8,2
331,2016-05-26,Thu,7078,5.3,2
332,2016-05-27,Fri,7259,5.4,4
333,2016-05-28,Sat,8960,6.6,8
334,2016-05-29,Sun,5453,4,6
335,2016-05-30,Mon,8618,6.5,4
336,2016-05-31,Tue,8009,6.1,4
337,2016-06-01,Wed,9656,7.2,2
338,2016-06-02,Thu,11035,8.3,5
339,2016-06-03,Fri,1156,0.86,0
340,2016-06-04,Sat,7270,5.5,0
341,2016-06-05,Sun,5961,4.6,2
342,2016-06-06,Mon,2633,1.9,0
343,2016-06-07,Tue,2616,1.9,0
344,2016-06-08,Wed,0,0,0
345,2016-06-09,Thu,13125,9.9,3
346,2016-06-10,Fri,880,0.65,0
347,2016-06-11,Sat,14751,11.2,5
348,2016-06-12,Sun,6845,4.6,3
349,2016-06-13,Mon,17,0,0
350,2016-06-14,Tue,8038,6.1,0
351,2016-06-15,Wed,13009,9.5,17
352,2016-06-16,Thu,0,0,0
353,2016-06-17,Fri,2324,1.7,3
354,2016-06-18,Sat,7341,5.6,2
355,2016-06-19,Sun,4483,3.2,5
356,2016-06-20,Mon,3843,2.2,0
357,2016-06-21,Tue,2955,2.2,0
358,2016-06-22,Wed,10699,7.5,4
359,2016-06-23,Thu,3087,2.3,10
360,2016-06-24,Fri,6647,5,14
361,2016-06-25,Sat,10064,7.8,2
362,2016-06-26,Sun,2103,1.5,0
363,2016-06-27,Mon,6157,4.4,6
364,2016-06-28,Tue,6910,5.1,11
365,2016-06-29,Wed,6136,4.6,10
366,2016-06-30,Thu,7083,5.4,8
367,2016-07-01,Fri,8981,6.9,7
368,2016-07-02,Sat,3993,3,1
369,2016-07-03,Sun,2954,2.1,4
370,2016-07-04,Mon,5777,4.2,8
371,2016-07-05,Tue,4506,3.3,7
372,2016-07-06,Wed,7982,6,10
373,2016-07-07,Thu,6826,5,8
374,2016-07-08,Fri,5460,3.9,7
375,2016-07-09,Sat,3663,2.7,0
376,2016-07-10,Sun,13,0,0
377,2016-07-11,Mon,5143,3.8,8
378,2016-07-12,Tue,6935,5.3,6
379,2016-07-13,Wed,6053,4.5,9
380,2016-07-14,Thu,4376,3.3,5
381,2016-07-15,Fri,7465,5.7,7
382,2016-07-16,Sat,16,0.01,0
383,2016-07-17,Sun,9795,7.4,12
384,2016-07-18,Mon,5391,4,6
385,2016-07-19,Tue,5475,4.1,6
386,2016-07-20,Wed,5962,3.8,8
387,2016-07-21,Thu,11586,8.7,18
388,2016-07-22,Fri,8148,6,2
389,2016-07-23,Sat,1716,1.2,3
390,2016-07-24,Sun,6483,4.7,4
391,2016-07-25,Mon,11,0,0
392,2016-07-26,Tue,9,0,0
393,2016-07-27,Wed,2218,1.6,3
394,2016-07-28,Thu,3249,2.4,0
395,2016-07-29,Fri,7278,4.5,14
396,2016-07-30,Sat,5950,4.4,4
397,2016-07-31,Sun,10235,7.5,4
398,2016-08-01,Mon,9994,6.5,12
399,2016-08-02,Tue,9517,6.6,24
400,2016-08-03,Wed,0,0,0
401,2016-08-04,Thu,5806,4.5,13
402,2016-08-05,Fri,10295,8.2,2
403,2016-08-06,Sat,8847,6,1
404,2016-08-07,Sun,3932,2.8,6
405,2016-08-08,Mon,44,0.03,0
406,2016-08-09,Tue,6583,5.1,5
407,2016-08-10,Wed,7661,4.6,1
408,2016-08-11,Thu,4262,3.1,0
409,2016-08-12,Fri,2087,1.5,0
410,2016-08-13,Sat,5204,3.9,5
411,2016-08-14,Sun,4267,3.1,6
412,2016-08-15,Mon,7477,4.9,1
413,2016-08-16,Tue,7628,5.6,1
414,2016-08-17,Wed,7487,5.7,1
415,2016-08-18,Thu,7455,4.9,1
416,2016-08-19,Fri,9280,6.3,0
417,2016-08-20,Sat,13098,9.8,6
418,2016-08-21,Sun,11344,8.4,8
419,2016-08-22,Mon,143,0.09,0
420,2016-08-23,Tue,3243,2.4,1
421,2016-08-24,Wed,3776,2.8,5
422,2016-08-25,Thu,13959,10,1
423,2016-08-26,Fri,8352,6.3,9
424,2016-08-27,Sat,2756,1.7,4
425,2016-08-28,Sun,8091,6.1,5
426,2016-08-29,Mon,9057,6.3,4
427,2016-08-30,Tue,4406,3,3
428,2016-08-31,Wed,1047,0.77,1
429,2016-09-01,Thu,4058,3.1,6
430,2016-09-02,Fri,6628,4.7,4
431,2016-09-03,Sat,2600,1.7,0
432,2016-09-04,Sun,11884,9,6
433,2016-09-05,Mon,12513,8.9,0
434,2016-09-06,Tue,5458,3.8,14
435,2016-09-07,Wed,12201,8.8,5
436,2016-09-08,Thu,5592,4,5
437,2016-09-09,Fri,5838,4.4,1
438,2016-09-10,Sat,6571,4.8,12
439,2016-09-11,Sun,5922,4.3,9
440,2016-09-12,Mon,7307,4.8,1
441,2016-09-13,Tue,6877,5,9
442,2016-09-14,Wed,3100,2,0
443,2016-09-15,Thu,9317,6.9,4
444,2016-09-16,Fri,1572,1,2
445,2016-09-17,Sat,1755,1.2,0
446,2016-09-18,Sun,6660,4.8,7
447,2016-09-19,Mon,7725,5,1
448,2016-09-20,Tue,6301,4.6,4
449,2016-09-21,Wed,0,0,0
450,2016-09-22,Thu,8202,5.4,18
451,2016-09-23,Fri,49,0.03,0
452,2016-09-24,Sat,6946,5.2,13
453,2016-09-25,Sun,3807,2.8,5
454,2016-09-26,Mon,25,0.01,0
455,2016-09-27,Tue,10634,7.7,6
456,2016-09-28,Wed,2641,1.9,0
457,2016-09-29,Thu,7511,5.1,4
458,2016-09-30,Fri,14532,10.3,5
459,2016-10-01,Sat,4365,2.8,0
460,2016-10-02,Sun,16121,11.1,10
461,2016-10-03,Mon,544,0.31,0
462,2016-10-04,Tue,8838,6.7,4
463,2016-10-05,Wed,31,0.02,0
464,2016-10-06,Thu,6806,5.1,2
465,2016-10-07,Fri,1788,1.2,2
466,2016-10-08,Sat,8179,5.9,5
467,2016-10-09,Sun,10041,6.2,16
468,2016-10-10,Mon,2232,1.6,1
469,2016-10-11,Tue,10766,7.9,9
470,2016-10-12,Wed,0,0,0
471,2016-10-13,Thu,8033,5.8,7
472,2016-10-14,Fri,2946,2,1
473,2016-10-15,Sat,3929,2.8,1
474,2016-10-16,Sun,4576,3.1,4
475,2016-10-17,Mon,0,0,0
476,2016-10-18,Tue,5751,4.2,6
477,2016-10-19,Wed,0,0,0
478,2016-10-20,Thu,8071,6,6
479,2016-10-21,Fri,9315,6.9,7
480,2016-10-22,Sat,8488,6.3,5
481,2016-10-23,Sun,5406,3.9,9
482,2016-10-24,Mon,5262,3.9,3
483,2016-10-25,Tue,5645,3.8,2
484,2016-10-26,Wed,0,0,0
485,2016-10-27,Thu,14765,10.9,10
486,2016-10-28,Fri,17505,12.2,16
487,2016-10-29,Sat,60,0.03,0
488,2016-10-30,Sun,8461,5.8,10
489,2016-10-31,Mon,0,0,0
490,2016-11-01,Tue,13334,9.8,5
491,2016-11-02,Wed,9,0,0
492,2016-11-03,Thu,7657,5.4,1
493,2016-11-04,Fri,34,0.02,0
494,2016-11-05,Sat,6979,4.6,9
495,2016-11-06,Sun,10708,7.7,16
496,2016-11-07,Mon,4838,3.7,0
497,2016-11-08,Tue,7652,5.5,8
498,2016-11-09,Wed,5238,3.8,14
499,2016-11-10,Thu,8830,6.5,15
500,2016-11-11,Fri,3480,2.6,2
501,2016-11-12,Sat,12180,9.3,4
502,2016-11-13,Sun,4807,3.3,7
503,2016-11-14,Mon,1776,1.2,0
504,2016-11-15,Tue,3927,2.8,2
505,2016-11-16,Wed,5267,3.8,10
506,2016-11-17,Thu,4387,3.2,7
507,2016-11-18,Fri,22717,16.2,11
508,2016-11-19,Sat,511,1.1,0
509,2016-11-20,Sun,4504,2.9,3
510,2016-11-21,Mon,26,0.01,0
511,2016-11-22,Tue,7552,4.9,9
512,2016-11-23,Wed,0,0,0
513,2016-11-24,Thu,7766,5.7,12
514,2016-11-25,Fri,0,0,0
515,2016-11-26,Sat,7163,5.5,5
516,2016-11-27,Sun,5283,3.6,7
517,2016-11-28,Mon,7269,5.2,11
518,2016-11-29,Tue,5060,3.6,5
519,2016-11-30,Wed,4070,2.9,0
520,2016-12-01,Thu,2749,1.7,1
521,2016-12-02,Fri,5902,4,7
522,2016-12-03,Sat,7814,6.2,1
523,2016-12-04,Sun,5415,3.8,8
524,2016-12-05,Mon,18,0,0
525,2016-12-06,Tue,6032,4.1,5
526,2016-12-07,Wed,35,0.02,0
527,2016-12-08,Thu,2625,1.9,5
528,2016-12-09,Fri,0,0,0
529,2016-12-10,Sat,7849,6.1,3
530,2016-12-11,Sun,6640,4.8,3
531,2016-12-12,Mon,40,0.02,0
532,2016-12-13,Tue,7644,5.7,2
533,2016-12-14,Wed,690,0.5,0
534,2016-12-15,Thu,11501,8.5,5
535,2016-12-16,Fri,3833,2.8,7
536,2016-12-17,Sat,4931,3.6,0
537,2016-12-18,Sun,10278,7.6,9
538,2016-12-19,Mon,2745,2.1,3
539,2016-12-20,Tue,3040,2.1,3
540,2016-12-21,Wed,2518,1.8,3
541,2016-12-22,Thu,4212,3,7
542,2016-12-23,Fri,4059,3,3
543,2016-12-24,Sat,3294,2.2,2
544,2016-12-25,Sun,7373,5.1,7
545,2016-12-26,Mon,7095,5.4,4
546,2016-12-27,Tue,7551,5.2,4
547,2016-12-28,Wed,8,0,0
548,2016-12-29,Thu,0,0,0
549,2016-12-30,Fri,16,0.01,0
550,2016-12-31,Sat,3,0.02,0
551,2017-01-01,Sun,3961,2.8,4
552,2017-01-02,Mon,0,0,0
553,2017-01-03,Tue,6751,4.6,2
554,2017-01-04,Wed,11,0,0
555,2017-01-05,Thu,4232,2.9,0
556,2017-01-06,Fri,3283,2.4,1
557,2017-01-07,Sat,4566,3.5,1
558,2017-01-08,Sun,4641,3.3,0
559,2017-01-09,Mon,7271,5.5,3
560,2017-01-10,Tue,9845,7.2,7
561,2017-01-11,Wed,5622,4.1,0
562,2017-01-12,Thu,7433,5.5,1
563,2017-01-13,Fri,47,0.03,0
564,2017-01-14,Sat,0,0,0
565,2017-01-15,Sun,6748,4.6,19
566,2017-01-16,Mon,46,0.02,0
567,2017-01-17,Tue,4042,2.9,7
568,2017-01-18,Wed,1000,0.73,0
569,2017-01-19,Thu,7995,5.7,8
570,2017-01-20,Fri,2862,2.1,5
571,2017-01-21,Sat,0,0,0
572,2017-01-22,Sun,4165,2.8,12
573,2017-01-23,Mon,2635,1.9,4
574,2017-01-24,Tue,6723,4.7,5
575,2017-01-25,Wed,3111,1.9,0
576,2017-01-26,Thu,2981,1.9,0
577,2017-01-27,Fri,0,0,0
578,2017-01-28,Sat,332,0.1,0
579,2017-01-29,Sun,4482,3.3,0
580,2017-01-30,Mon,2177,1.3,0
581,2017-01-31,Tue,8,0,0
582,2017-02-01,Wed,2087,1.4,1
583,2017-02-02,Thu,5302,3.8,0
584,2017-02-03,Fri,4163,3,1
585,2017-02-04,Sat,5100,3.4,9
586,2017-02-05,Sun,5055,3.5,11
587,2017-02-06,Mon,42,0.03,0
588,2017-02-07,Tue,64,0.04,0
589,2017-02-08,Wed,14,0,0
590,2017-02-09,Thu,3804,2.7,7
591,2017-02-10,Fri,6099,4.3,2
592,2017-02-11,Sat,9396,7.2,9
593,2017-02-12,Sun,4608,3.2,11
594,2017-02-13,Mon,35,0.02,0
595,2017-02-14,Tue,6446,4.7,5
596,2017-02-15,Wed,8745,6.1,2
597,2017-02-16,Thu,121,0.08,0
598,2017-02-17,Fri,16750,10.8,14
599,2017-02-18,Sat,7163,5.6,8
600,2017-02-19,Sun,5593,4.1,22
601,2017-02-20,Mon,7201,5.5,9
602,2017-02-21,Tue,5031,3.4,14
603,2017-02-22,Wed,12,0,0
604,2017-02-23,Thu,5252,3.7,17
605,2017-02-24,Fri,26218,18,29
606,2017-02-25,Sat,11077,8.1,25
607,2017-02-26,Sun,4652,3.2,4
608,2017-02-27,Mon,6514,4.7,8
609,2017-02-28,Tue,7476,5.6,6
610,2017-03-01,Wed,736,0.55,0
611,2017-03-02,Thu,2278,1.6,14
612,2017-03-03,Fri,11261,8.8,6
613,2017-03-04,Sat,12000,9.2,5
614,2017-03-05,Sun,7639,5.2,9
615,2017-03-06,Mon,76,0.04,0
616,2017-03-07,Tue,7119,4.6,10
617,2017-03-08,Wed,14,0,0
618,2017-03-09,Thu,5036,3.7,11
619,2017-03-10,Fri,10375,8.3,9
620,2017-03-11,Sat,8140,6.3,10
621,2017-03-12,Sun,5748,4,6
622,2017-03-13,Mon,7297,5.6,2
623,2017-03-14,Tue,6837,5,4
624,2017-03-15,Wed,7088,5.5,1
625,2017-03-16,Thu,7262,5.2,6
626,2017-03-17,Fri,7070,5.5,1
627,2017-03-18,Sat,10089,7.5,2
628,2017-03-19,Sun,8858,6.5,7
629,2017-03-20,Mon,24,0.01,0
630,2017-03-21,Tue,2067,1.5,3
631,2017-03-22,Wed,8,0,0
632,2017-03-23,Thu,10586,7.7,7
633,2017-03-24,Fri,53,0.03,0
634,2017-03-25,Sat,8154,5.8,5
635,2017-03-26,Sun,5898,4.1,8
636,2017-03-27,Mon,7315,5.7,8
637,2017-03-28,Tue,8836,5.9,8
638,2017-03-29,Wed,17,0.01,0
639,2017-03-30,Thu,6074,4.5,3
640,2017-03-31,Fri,8,0,0
641,2017-04-01,Sat,7747,5.9,3
642,2017-04-02,Sun,5257,3.7,7
643,2017-04-03,Mon,4765,3.6,3
644,2017-04-04,Tue,6377,4.8,6
645,2017-04-05,Wed,8,0,0
646,2017-04-06,Thu,6740,4.8,8
647,2017-04-07,Fri,40,0.02,0
648,2017-04-08,Sat,5670,3.5,3
649,2017-04-09,Sun,5975,4.3,6
650,2017-04-10,Mon,49,0.03,0
651,2017-04-11,Tue,2967,2,8
652,2017-04-12,Wed,17,0.01,0
653,2017-04-13,Thu,7853,5.5,7
654,2017-04-14,Fri,0,0,0
655,2017-04-15,Sat,7711,5.4,2
656,2017-04-16,Sun,3952,2.7,7
657,2017-04-17,Mon,0,0,0
658,2017-04-18,Tue,6610,5,1
659,2017-04-19,Wed,5633,3.8,10
660,2017-04-20,Thu,2471,1.6,7
661,2017-04-21,Fri,0,0,0
662,2017-04-22,Sat,4819,3.3,1
663,2017-04-23,Sun,5765,4,6
664,2017-04-24,Mon,4225,3,0
665,2017-04-25,Tue,2181,1.4,1
666,2017-04-26,Wed,0,0,0
667,2017-04-27,Thu,5568,3.9,4
668,2017-04-28,Fri,32,0.02,0
669,2017-04-29,Sat,6689,5.1,1
670,2017-04-30,Sun,9325,6.4,1
671,2017-05-01,Mon,63,0.03,0
672,2017-05-02,Tue,9410,6.5,8
673,2017-05-03,Wed,0,0,0
674,2017-05-04,Thu,8104,5.7,0
675,2017-05-05,Fri,11529,7.8,7
676,2017-05-06,Sat,14668,7.8,6
677,2017-05-07,Sun,786,0.47,0
678,2017-05-08,Mon,0,0,0
679,2017-05-09,Tue,1046,0.74,2
680,2017-05-10,Wed,18,0.01,0
681,2017-05-11,Thu,2908,1.8,2
682,2017-05-12,Fri,4679,3.3,2
683,2017-05-13,Sat,9081,5.8,4
684,2017-05-14,Sun,9294,6.6,10
685,2017-05-15,Mon,27,0.01,0
686,2017-05-16,Tue,8239,5.9,9
687,2017-05-17,Wed,7757,5.6,3
688,2017-05-18,Thu,6194,4.2,2
689,2017-05-19,Fri,9604,6.8,10
690,2017-05-20,Sat,9299,6.6,18
691,2017-05-21,Sun,5979,4.4,6
692,2017-05-22,Mon,0,0,0
693,2017-05-23,Tue,4132,2.9,6
694,2017-05-24,Wed,7266,5.1,8
695,2017-05-25,Thu,8941,6.4,4
696,2017-05-26,Fri,9522,6.5,8
697,2017-05-27,Sat,9549,7.3,6
698,2017-05-28,Sun,7411,5.4,7
699,2017-05-29,Mon,103,0.07,0
700,2017-05-30,Tue,3843,2.9,1
701,2017-05-31,Wed,3867,2.8,4
702,2017-06-01,Thu,9608,7.1,17
703,2017-06-02,Fri,9550,7.1,7
704,2017-06-03,Sat,12307,9.4,6
705,2017-06-04,Sun,9096,6.8,8
706,2017-06-05,Mon,0,0,0
707,2017-06-06,Tue,442,0.3,1
708,2017-06-07,Wed,2914,1.8,9
709,2017-06-08,Thu,6139,4.5,2
710,2017-06-09,Fri,9589,7,10
711,2017-06-10,Sat,10371,7.6,2
712,2017-06-11,Sun,4191,2.9,6
713,2017-06-12,Mon,2631,1.8,0
714,2017-06-13,Tue,2211,1.5,4
715,2017-06-14,Wed,693,0.52,0
716,2017-06-15,Thu,10365,7.8,6
717,2017-06-16,Fri,4337,3.2,0
718,2017-06-17,Sat,2745,2,2
719,2017-06-18,Sun,7449,5.4,6
720,2017-06-19,Mon,0,0,0
721,2017-06-20,Tue,6074,4.4,3
722,2017-06-21,Wed,7855,5.6,2
723,2017-06-22,Thu,6731,5.1,2
724,2017-06-23,Fri,2165,1.4,0
725,2017-06-24,Sat,16784,9.9,104
726,2017-06-25,Sun,11632,7.9,5
727,2017-06-26,Mon,10365,7.1,3
728,2017-06-27,Tue,6768,4.7,6
729,2017-06-28,Wed,3802,2.7,1
730,2017-06-29,Thu,4990,3.5,1
731,2017-06-30,Fri,5334,3.8,0
732,2017-07-01,Sat,3157,2.1,1
733,2017-07-02,Sun,3786,2.6,1
734,2017-07-03,Mon,4141,3.1,1
735,2017-07-04,Tue,10481,7.3,1
736,2017-07-05,Wed,7152,5.1,0
737,2017-07-06,Thu,7537,5.2,7
738,2017-07-07,Fri,6723,4.5,6
739,2017-07-08,Sat,4330,3.1,0
740,2017-07-09,Sun,6730,4.8,5
741,2017-07-10,Mon,2494,1.6,0
742,2017-07-11,Tue,10312,7,9
743,2017-07-12,Wed,6458,4.2,4
744,2017-07-13,Thu,8033,5.4,4
745,2017-07-14,Fri,9009,6.2,8
746,2017-07-15,Sat,13595,9,0
747,2017-07-16,Sun,6360,4.7,4
748,2017-07-17,Mon,5659,3.3,0
749,2017-07-18,Tue,2034,1.2,0
750,2017-07-19,Wed,0,0,0
751,2017-07-20,Thu,12179,8.4,11
752,2017-07-21,Fri,19395,12.4,37
753,2017-07-22,Sat,2479,1.5,0
754,2017-07-23,Sun,7417,5.3,4
755,2017-07-24,Mon,0,0,0
756,2017-07-25,Tue,2630,1.6,0
757,2017-07-26,Wed,6253,3.7,0
758,2017-07-27,Thu,9005,5.9,11
759,2017-07-28,Fri,7575,5.4,3
760,2017-07-29,Sat,3882,2.8,2
761,2017-07-30,Sun,5225,3.6,3
762,2017-07-31,Mon,5837,4.3,9
763,2017-08-01,Tue,6397,4.7,0
764,2017-08-02,Wed,6602,5.1,0
765,2017-08-03,Thu,6378,4.6,3
766,2017-08-04,Fri,5440,4.1,6
767,2017-08-05,Sat,3759,2.5,0
768,2017-08-06,Sun,1116,0.61,3
769,2017-08-07,Mon,7710,4.7,7
770,2017-08-08,Tue,4750,3.3,5
771,2017-08-09,Wed,8658,6.1,0
772,2017-08-10,Thu,192,0.14,0
773,2017-08-11,Fri,5434,3.5,2
774,2017-08-12,Sat,4164,2.7,1
775,2017-08-13,Sun,4709,3.3,3
776,2017-08-14,Mon,9015,5.9,12
777,2017-08-15,Tue,12,0,0
778,2017-08-16,Wed,41,0.02,0
779,2017-08-17,Thu,10397,7,12
780,2017-08-18,Fri,10498,6.8,2
781,2017-08-19,Sat,3831,2.1,0
782,2017-08-20,Sun,5563,3.6,4
783,2017-08-21,Mon,6614,4.8,1
784,2017-08-22,Tue,2818,1.9,12
785,2017-08-23,Wed,5290,3.4,6
786,2017-08-24,Thu,4992,3.3,6
787,2017-08-25,Fri,5606,3.9,2
788,2017-08-26,Sat,0,0,0
789,2017-08-27,Sun,11443,8.1,7
790,2017-08-28,Mon,3483,2.3,8
791,2017-08-29,Tue,3264,2.1,9
792,2017-08-30,Wed,10483,7.5,3
793,2017-08-31,Thu,9821,7,9
794,2017-09-01,Fri,8607,6.5,7
795,2017-09-02,Sat,5518,4,11
796,2017-09-03,Sun,4914,3.6,12
797,2017-09-04,Mon,8697,5.9,30
798,2017-09-05,Tue,8160,5.6,10
799,2017-09-06,Wed,8118,5,7
800,2017-09-07,Thu,7125,4.7,6
801,2017-09-08,Fri,10123,7.3,13
802,2017-09-09,Sat,12189,7.8,0
803,2017-09-10,Sun,4095,3,4
804,2017-09-11,Mon,6063,4.3,4
805,2017-09-12,Tue,4743,3.2,4
806,2017-09-13,Wed,4742,3.4,12
807,2017-09-14,Thu,7510,4.5,9
808,2017-09-15,Fri,4431,3.2,8
809,2017-09-16,Sat,8395,6,33
810,2017-09-17,Sun,5322,3.5,0
811,2017-09-18,Mon,4326,2.9,4
812,2017-09-19,Tue,5692,4,12
813,2017-09-20,Wed,4121,2.5,6
814,2017-09-21,Thu,3617,2.6,5
815,2017-09-22,Fri,3763,2.7,7
816,2017-09-23,Sat,5747,3.7,6
817,2017-09-24,Sun,8282,5.6,5
818,2017-09-25,Mon,2652,1.9,6
819,2017-09-26,Tue,5638,3.7,8
820,2017-09-27,Wed,3696,2.6,5
821,2017-09-28,Thu,6388,3.9,13
822,2017-09-29,Fri,4544,3,11
823,2017-09-30,Sat,4873,2.8,9
824,2017-10-01,Sun,4181,2.8,5
825,2017-10-02,Mon,6526,4.7,1
826,2017-10-03,Tue,4879,3.5,11
827,2017-10-04,Wed,1716,1,0
828,2017-10-05,Thu,8597,6.2,4
829,2017-10-06,Fri,8,0,0
830,2017-10-07,Sat,2065,1,0
831,2017-10-08,Sun,0,0,0
832,2017-10-09,Mon,6747,4.5,12
833,2017-10-10,Tue,5912,3.7,6
834,2017-10-11,Wed,6275,4.1,8
835,2017-10-12,Thu,12603,8,14
836,2017-10-13,Fri,5829,4.2,4
837,2017-10-14,Sat,4640,3.4,6
838,2017-10-15,Sun,4014,2.8,5
839,2017-10-16,Mon,4186,3,10
840,2017-10-17,Tue,10730,7.6,4
841,2017-10-18,Wed,5898,4.1,6
842,2017-10-19,Thu,4311,2.8,3
843,2017-10-20,Fri,10736,7.9,17
844,2017-10-21,Sat,4682,3.4,5
845,2017-10-22,Sun,5126,3.2,4
846,2017-10-23,Mon,5109,3.7,8
847,2017-10-24,Tue,6064,4.4,7
848,2017-10-25,Wed,4680,3.4,5
849,2017-10-26,Thu,8253,6.2,9
850,2017-10-27,Fri,12012,8.4,13
851,2017-10-28,Sat,3319,2.4,0
852,2017-10-29,Sun,3633,2.5,5
853,2017-10-30,Mon,4578,3.4,4
854,2017-10-31,Tue,6757,4.4,12
855,2017-11-01,Wed,4988,3.8,4
856,2017-11-02,Thu,9051,6.1,5
857,2017-11-03,Fri,4179,2.9,5
858,2017-11-04,Sat,4554,3.3,1
859,2017-11-05,Sun,5941,4.1,6
860,2017-11-06,Mon,4824,3.4,7
861,2017-11-07,Tue,6496,4.5,7
862,2017-11-08,Wed,4444,3.3,5
863,2017-11-09,Thu,7920,5.1,11
864,2017-11-10,Fri,6293,4.4,13
865,2017-11-11,Sat,4342,2.7,0
866,2017-11-12,Sun,5479,3.5,4
867,2017-11-13,Mon,5539,4,6
868,2017-11-14,Tue,4193,2.9,1
869,2017-11-15,Wed,4969,3.4,8
870,2017-11-16,Thu,7726,5.7,7
871,2017-11-17,Fri,7124,4.7,6
872,2017-11-18,Sat,10094,6.6,47
873,2017-11-19,Sun,4907,3.3,8
874,2017-11-20,Mon,6342,4.5,6
875,2017-11-21,Tue,6249,4,2
876,2017-11-22,Wed,4090,3,1
877,2017-11-23,Thu,6851,4.3,6
878,2017-11-24,Fri,6095,4.3,6
879,2017-11-25,Sat,4626,3.2,3
880,2017-11-26,Sun,6075,4.4,14
881,2017-11-27,Mon,4985,3.5,10
882,2017-11-28,Tue,8635,5.8,8
883,2017-11-29,Wed,6143,4.3,11
884,2017-11-30,Thu,2166,1.4,3
885,2017-12-01,Fri,5163,3.8,6
886,2017-12-02,Sat,5241,3.7,11
887,2017-12-03,Sun,6738,4.5,10
888,2017-12-04,Mon,4355,2.9,1
889,2017-12-05,Tue,4892,3.3,3
890,2017-12-06,Wed,5523,3.8,8
891,2017-12-07,Thu,6106,3.9,13
892,2017-12-08,Fri,3932,2.7,12
893,2017-12-09,Sat,6450,4.5,8
894,2017-12-10,Sun,9654,6.6,12
895,2017-12-11,Mon,5098,3.5,11
896,2017-12-12,Tue,2264,1.5,4
897,2017-12-13,Wed,4088,2.6,9
898,2017-12-14,Thu,10000,6.7,12
899,2017-12-15,Fri,4292,3.2,6
900,2017-12-16,Sat,5517,3.6,7
901,2017-12-17,Sun,4879,3.2,5
902,2017-12-18,Mon,4796,3.4,10
903,2017-12-19,Tue,3603,2.4,3
904,2017-12-20,Wed,4299,3.1,10
905,2017-12-21,Thu,8919,6.4,7
906,2017-12-22,Fri,4893,3.5,6
907,2017-12-23,Sat,3842,2.5,3
908,2017-12-24,Sun,6258,4.3,10
909,2017-12-25,Mon,4006,2.8,9
910,2017-12-26,Tue,4781,3.4,10
911,2017-12-27,Wed,5313,3.7,13
912,2017-12-28,Thu,5085,3.6,10
913,2017-12-29,Fri,5027,3.7,11
914,2017-12-30,Sat,7739,5.4,15
915,2017-12-31,Sun,9273,6.3,10
916,2018-01-01,Mon,4648,3.2,0
917,2018-01-02,Tue,4589,2.9,10
918,2018-01-03,Wed,6854,4.9,10
919,2018-01-04,Thu,12206,8.9,0
920,2018-01-05,Fri,5524,3.8,8
921,2018-01-06,Sat,6635,4.4,11
922,2018-01-07,Sun,9818,6.9,17
923,2018-01-08,Mon,4253,2.7,8
924,2018-01-09,Tue,5867,4,13
925,2018-01-10,Wed,4088,2.7,10
926,2018-01-11,Thu,5946,3.6,9
927,2018-01-12,Fri,5200,3.5,8
928,2018-01-13,Sat,5609,3.6,5
929,2018-01-14,Sun,7029,5,8
930,2018-01-15,Mon,5430,3.8,8
931,2018-01-16,Tue,8242,6,12
932,2018-01-17,Wed,8833,6.1,11
933,2018-01-18,Thu,14256,10.5,8
934,2018-01-19,Fri,8037,5.8,7
935,2018-01-20,Sat,9398,6.7,0
936,2018-01-21,Sun,5029,3.7,4
937,2018-01-22,Mon,5134,3.6,20
938,2018-01-23,Tue,5120,3.4,13
939,2018-01-24,Wed,4291,3.1,13
940,2018-01-25,Thu,10370,7.7,6
941,2018-01-26,Fri,9316,6.2,23
942,2018-01-27,Sat,4657,3.4,1
943,2018-01-28,Sun,8154,5.9,14
944,2018-01-29,Mon,8243,5.9,7
945,2018-01-30,Tue,4324,2.9,7
946,2018-01-31,Wed,5883,4.1,11
947,2018-02-01,Thu,8779,6.4,14
948,2018-02-02,Fri,4226,2.9,13
949,2018-02-03,Sat,8472,6.1,12
950,2018-02-04,Sun,3707,2.7,7
951,2018-02-05,Mon,6200,4.1,12
952,2018-02-06,Tue,4726,3.1,6
953,2018-02-07,Wed,10092,7.2,21
954,2018-02-08,Thu,7164,4.6,7
955,2018-02-09,Fri,7564,5.6,5
956,2018-02-10,Sat,4350,3.3,2
957,2018-02-11,Sun,5469,3.6,8
958,2018-02-12,Mon,4776,2.8,5
959,2018-02-13,Tue,8218,5.7,9
960,2018-02-14,Wed,2102,1.2,0
961,2018-02-15,Thu,3699,2.5,0
962,2018-02-16,Fri,8,0,0
963,2018-02-17,Sat,1840,1,0
964,2018-02-18,Sun,4324,2.6,2
965,2018-02-19,Mon,7975,6,16
966,2018-02-20,Tue,5720,4,19
967,2018-02-21,Wed,5367,3.7,11
968,2018-02-22,Thu,11685,7.9,9
969,2018-02-23,Fri,5700,3.9,11
970,2018-02-24,Sat,3425,2.4,10
971,2018-02-25,Sun,6045,4,6
972,2018-02-26,Mon,5571,3.9,11
973,2018-02-27,Tue,5253,3.6,17
974,2018-02-28,Wed,3170,2.2,7
975,2018-03-01,Thu,4222,2.7,15
976,2018-03-02,Fri,5212,3.6,8
977,2018-03-03,Sat,7902,5.7,7
978,2018-03-04,Sun,8001,5.9,6
979,2018-03-05,Mon,6400,4.3,16
980,2018-03-06,Tue,5919,4.4,10
981,2018-03-07,Wed,6571,4.8,12
982,2018-03-08,Thu,10151,6.9,7
983,2018-03-09,Fri,5902,4.2,9
984,2018-03-10,Sat,5500,4,9
985,2018-03-11,Sun,5743,4.2,5
986,2018-03-12,Mon,5422,3.9,10
987,2018-03-13,Tue,5684,4.1,15
988,2018-03-14,Wed,6370,4.7,16
989,2018-03-15,Thu,7933,5.5,7
990,2018-03-16,Fri,7001,5.2,23
991,2018-03-17,Sat,6058,4.3,8
992,2018-03-18,Sun,6194,4.5,5
993,2018-03-19,Mon,7045,5,13
994,2018-03-20,Tue,4539,3.2,15
995,2018-03-21,Wed,4006,2.8,20
996,2018-03-22,Thu,10298,7.5,12
997,2018-03-23,Fri,5201,3.8,21
998,2018-03-24,Sat,9539,6.7,11
999,2018-03-25,Sun,4715,3.4,3
1000,2018-03-26,Mon,6151,4.6,19
1001,2018-03-27,Tue,5395,3.9,18
1002,2018-03-28,Wed,6055,4.4,17
1003,2018-03-29,Thu,5315,3.7,2
1004,2018-03-30,Fri,5654,4,15
1005,2018-03-31,Sat,7331,5.3,9
1006,2018-04-01,Sun,6398,4,6
1007,2018-04-02,Mon,6319,4.4,17
1008,2018-04-03,Tue,7094,5,23
1009,2018-04-04,Wed,7457,5.2,8
1010,2018-04-05,Thu,7563,4.6,5
1011,2018-04-06,Fri,6362,4.5,18
1012,2018-04-07,Sat,5982,3.9,12
1013,2018-04-08,Sun,6068,4.1,10
1014,2018-04-09,Mon,5155,3.4,11
1015,2018-04-10,Tue,6056,4.1,14
1016,2018-04-11,Wed,7413,5.4,13
1017,2018-04-12,Thu,6329,4.3,4
1018,2018-04-13,Fri,6376,4.1,6
1019,2018-04-14,Sat,7399,4.9,7
1020,2018-04-15,Sun,7850,5.3,7
1021,2018-04-16,Mon,2638,1.5,0
1022,2018-04-17,Tue,5970,4,10
1023,2018-04-18,Wed,7891,4.9,12
1024,2018-04-19,Thu,10369,6.8,4
1025,2018-04-20,Fri,6521,4.6,8
1026,2018-04-21,Sat,7875,5.3,7
1027,2018-04-22,Sun,7863,4.7,20
1028,2018-04-23,Mon,6441,4,9
1029,2018-04-24,Tue,7198,4.9,8
1030,2018-04-25,Wed,7869,5.5,10
1031,2018-04-26,Thu,10260,7.6,5
1032,2018-04-27,Fri,6585,4.8,12
1033,2018-04-28,Sat,6340,4.6,9
1034,2018-04-29,Sun,34,0.002,0
1035,2018-04-30,Mon,6893,5,12
1036,2018-05-01,Tue,7007,5,12
1037,2018-05-02,Wed,25,0.001,0
1038,2018-05-03,Thu,9832,6.9,9
1039,2018-05-04,Fri,7334,5.1,22
1040,2018-05-05,Sat,5869,4.3,12
1041,2018-05-06,Sun,5064,3.3,2
1042,2018-05-07,Mon,5792,4,7
1043,2018-05-08,Tue,7538,4.9,12
1044,2018-05-09,Wed,30,0.01,0
1045,2018-05-10,Thu,7427,5.1,3
1046,2018-05-11,Fri,6569,4.4,9
1047,2018-05-12,Sat,3576,2.5,11
1048,2018-05-13,Sun,5659,3.8,5
1049,2018-05-14,Mon,6724,4.6,10
1050,2018-05-15,Tue,5655,4.1,9
1051,2018-05-16,Wed,7181,5,6
1052,2018-05-17,Thu,9941,6.7,9
1053,2018-05-18,Fri,6162,4.1,10
1054,2018-05-19,Sat,8298,5.7,9
1055,2018-05-20,Sun,8247,6.1,13
1056,2018-05-21,Mon,5612,3.8,10
1057,2018-05-22,Tue,8182,5.1,6
1058,2018-05-23,Wed,7309,4.6,2
1059,2018-05-24,Thu,7249,5.2,5
1060,2018-05-25,Fri,8131,5.9,9
1061,2018-05-26,Sat,7301,5.2,7
1062,2018-05-27,Sun,6750,5.1,7
1063,2018-05-28,Mon,8090,6,8
1064,2018-05-29,Tue,6051,4.3,11
1065,2018-05-30,Wed,5601,3.4,4
1066,2018-05-31,Thu,8034,5.4,4
1067,2018-06-01,Fri,6875,4.6,10
1068,2018-06-02,Sat,5498,3.8,10
1069,2018-06-03,Sun,6676,4.6,7
1070,2018-06-04,Mon,6177,4.2,4
1071,2018-06-05,Tue,6291,4.5,7
1072,2018-06-06,Wed,6042,4.2,13
1073,2018-06-07,Thu,72,0.05,0
1074,2018-06-08,Fri,7345,5.1,5
1075,2018-06-09,Sat,5609,3.8,12
1076,2018-06-10,Sun,9322,6.5,7
1077,2018-06-11,Mon,5894,4,11
1078,2018-06-12,Tue,4243,3,12
1079,2018-06-13,Wed,6980,5,8
1080,2018-06-14,Thu,9695,6.8,4
1081,2018-06-15,Fri,7135,5,9
1082,2018-06-16,Sat,7630,5.3,29
1083,2018-06-17,Sun,9322,6.5,7
1084,2018-06-18,Mon,5894,4,11
1085,2018-06-19,Tue,4243,3,12
1086,2018-06-20,Wed,6980,5,8
1087,2018-06-21,Thu,9695,6.8,4
1088,2018-06-22,Fri,7135,5,9
1089,2018-06-23,Sat,7630,5.3,29
1090,2018-06-24,Sun,6306,4.4,5
1091,2018-06-25,Mon,3494,2.5,1
1092,2018-06-26,Tue,6668,4.7,8
1093,2018-06-27,Wed,3870,2.8,8
1094,2018-06-28,Thu,14051,9.7,9
1095,2018-06-29,Fri,12674,8.7,37
1096,2018-06-30,Sat,7628,5.5,10
1097,2018-07-01,Sun,5029,3.5,8
1098,2018-07-02,Mon,4243,2.9,8
1099,2018-07-03,Tue,6868,5,9
1100,2018-07-04,Wed,6131,4.4,9
1101,2018-07-05,Thu,2862,2.1,2
1102,2018-07-06,Fri,6271,4.5,7
1103,2018-07-07,Sat,7089,5.2,9
1104,2018-07-08,Sun,8608,6.1,8
1105,2018-07-09,Mon,4101,2.9,8
1106,2018-07-10,Tue,6399,4.6,9
1107,2018-07-11,Wed,3783,2.7,5
1108,2018-07-12,Thu,8423,6.1,3
1109,2018-07-13,Fri,7557,5.5,8
1110,2018-07-14,Sat,7461,5.3,12
1111,2018-07-15,Sun,5708,3.9,7
1112,2018-07-16,Mon,3863,2.8,7
1113,2018-07-17,Tue,5614,4.2,6
1114,2018-07-18,Wed,6274,4.6,7
1115,2018-07-19,Thu,5070,3.7,2
1116,2018-07-20,Fri,6089,4.4,9
1117,2018-07-21,Sat,6617,5,8
1118,2018-07-22,Sun,6194,4.3,11
1119,2018-07-23,Mon,3864,2.8,7
1120,2018-07-24,Tue,3437,2.4,9
1121,2018-07-25,Wed,5703,4.2,9
1122,2018-07-26,Thu,2781,2,1
1123,2018-07-27,Fri,3915,2.8,8
1124,2018-07-28,Sat,7314,4.9,12
1125,2018-07-29,Sun,6364,4.2,7
1126,2018-07-30,Mon,7048,5.2,7
1127,2018-07-31,Tue,4480,3.2,8
1128,2018-08-01,Wed,4699,3.3,7
1129,2018-08-02,Thu,8044,5.8,8
1130,2018-08-03,Fri,4938,3.6,0
1131,2018-08-04,Sat,3378,2.4,7
1132,2018-08-05,Sun,4809,3.2,5
1133,2018-08-06,Mon,8064,6,13
1134,2018-08-07,Tue,5108,3.7,8
1135,2018-08-08,Wed,3876,2.7,9
1136,2018-08-09,Thu,4328,3,2
1137,2018-08-10,Fri,6896,5,14
1138,2018-08-11,Sat,6014,4.3,8
1139,2018-08-12,Sun,5754,4,9
1140,2018-08-13,Mon,3689,2.7,9
1141,2018-08-14,Tue,7471,5.2,8
1142,2018-08-15,Wed,4465,3.3,9
1143,2018-08-16,Thu,4345,3.2,2
1144,2018-08-17,Fri,4454,3.2,8
1145,2018-08-18,Sat,5496,3.7,9
1146,2018-08-19,Sun,9795,7,2
1147,2018-08-20,Mon,5732,4.1,9
1148,2018-08-21,Tue,4831,3.5,7
1149,2018-08-22,Wed,5080,3.8,7
1150,2018-08-23,Thu,17,0,0
1151,2018-08-24,Fri,8289,5.9,10
1152,2018-08-25,Sat,7144,5.2,9
1153,2018-08-26,Sun,5986,4.3,6
1154,2018-08-27,Mon,5916,4,6
1155,2018-08-28,Tue,6762,5,6
1156,2018-08-29,Wed,6575,4.8,9
1157,2018-08-30,Thu,8,0,0
1158,2018-08-31,Fri,9136,6.9,11
1159,2018-09-01,Sat,7217,5.3,7
1160,2018-09-02,Sun,5208,3.7,5
1161,2018-09-03,Mon,5728,3.9,10
1162,2018-09-04,Tue,7894,5.6,6
1163,2018-09-05,Wed,8170,5.3,7
1164,2018-09-06,Thu,7270,4.5,8
1165,2018-09-07,Fri,14880,9.1,1
1166,2018-09-08,Sat,9188,6.4,7
1167,2018-09-09,Sun,6474,4.2,14
1168,2018-09-10,Mon,8056,6.1,6
1169,2018-09-11,Tue,6646,4.6,13
1170,2018-09-12,Wed,9175,6,7
1171,2018-09-13,Thu,2437,1.7,3
1172,2018-09-14,Fri,6787,4.4,8
1173,2018-09-15,Sat,7508,4.8,4
1174,2018-09-16,Sun,6989,4.6,16
1175,2018-09-17,Mon,10090,7.4,5
1176,2018-09-18,Tue,9506,6.2,7
1177,2018-09-19,Wed,7706,5.2,9
1178,2018-09-20,Thu,9876,6.3,8
1179,2018-09-21,Fri,8597,5.8,7
1180,2018-09-22,Sat,8821,6.1,10
1181,2018-09-23,Sun,1238,0.64,0
1182,2018-09-24,Mon,0,0,0
1183,2018-09-25,Tue,0,0,0
1184,2018-09-26,Wed,1989,1.1,0
1185,2018-09-27,Thu,9176,5.6,7
1186,2018-09-28,Fri,8917,5.9,7
1187,2018-09-29,Sat,9017,5.6,6
1188,2018-09-30,Sun,5987,4.3,6
1189,2018-10-01,Mon,21,0.01,0
1190,2018-10-02,Tue,7978,5.1,10
1191,2018-10-03,Wed,209,0.12,0
1192,2018-10-04,Thu,7261,4.7,12
1193,2018-10-05,Fri,7892,5.2,10
1194,2018-10-06,Sat,9361,5.6,12
1195,2018-10-07,Sun,6669,4.1,11
1196,2018-10-08,Mon,7653,5.2,4
1197,2018-10-09,Tue,7653,5.2,19
1198,2018-10-10,Wed,7653,5.2,7
1199,2018-10-11,Thu,7653,5.2,12
1200,2018-10-12,Fri,9491,6.7,9
1201,2018-10-13,Sat,8013,5.5,9
1202,2018-10-14,Sun,4630,3.3,0
1203,2018-10-15,Mon,4630,3.3,1
1204,2018-10-16,Tue,4630,3.3,1
1205,2018-10-17,Wed,4630,3.3,9
1206,2018-10-18,Thu,8811,6.4,11
1207,2018-10-19,Fri,6894,4.8,11
1208,2018-10-20,Sat,8781,5.9,6
1209,2018-10-21,Sun,5112,3.6,8
1210,2018-10-22,Mon,7217,5.1,2
1211,2018-10-23,Tue,7217,5.1,8
1212,2018-10-24,Wed,7217,5.1,8
1213,2018-10-25,Thu,8385,6.1,11
1214,2018-10-26,Fri,8688,6.2,9
1215,2018-10-27,Sat,5515,3.8,11
1216,2018-10-28,Sun,6711,4.6,7
1217,2018-10-29,Mon,6711,4.6,2
1218,2018-10-30,Tue,9803,7,10
1219,2018-10-31,Wed,8861,6.3,7
1220,2018-11-01,Thu,11923,8.2,13
1221,2018-11-02,Fri,6588,4.5,15
1222,2018-11-03,Sat,9382,6.3,7
1223,2018-11-04,Sun,4426,3,8
1224,2018-11-05,Mon,6564,4.6,0
1225,2018-11-06,Tue,7812,5.4,9
1226,2018-11-07,Wed,7401,5,15
1227,2018-11-08,Thu,5354,3.6,14
1228,2018-11-09,Fri,8064,5.7,10
1229,2018-11-10,Sat,9736,6.8,15
1230,2018-11-11,Sun,10103,7.3,19
1231,2018-11-12,Mon,0,0,0
1232,2018-11-13,Tue,11813,7.9,17
1233,2018-11-14,Wed,10998,7.6,13
1234,2018-11-15,Thu,8185,5.8,7
1235,2018-11-16,Fri,22799,16.9,8
1236,2018-11-17,Sat,5673,3.8,12
1237,2018-11-18,Sun,6740,4.9,21
1238,2018-11-19,Mon,7780,5.4,3
1239,2018-11-20,Tue,7079,4.4,4
1240,2018-11-21,Wed,8302,5.9,10
1241,2018-11-22,Thu,6903,4.9,9
1242,2018-11-23,Fri,8470,5.9,14
1243,2018-11-24,Sat,5489,4,18
1244,2018-11-25,Sun,13840,10.4,3
1245,2018-11-26,Mon,17074,12.9,6
1246,2018-11-27,Tue,7856,5.9,2
1247,2018-11-28,Wed,5418,3.8,11
1248,2018-11-29,Thu,9333,6.4,10
1249,2018-11-30,Fri,8840,6.2,14
1250,2018-12-01,Sat,10939,7.6,14
1251,2018-12-02,Sun,9664,6.6,8
1252,2018-12-03,Mon,6825,4.9,2
1253,2018-12-04,Tue,6355,4.5,15
1254,2018-12-05,Wed,8293,6.1,14
1255,2018-12-06,Thu,8371,6.1,7
1256,2018-12-07,Fri,7690,4.4,11
1257,2018-12-08,Sat,6808,4.1,11
1258,2018-12-09,Sun,7107,5.1,20
1259,2018-12-10,Mon,11554,8.5,6
1260,2018-12-11,Tue,6841,4.7,16
1261,2018-12-12,Wed,7963,5.7,11
1262,2018-12-13,Thu,7819,5.4,8
1263,2018-12-14,Fri,4801,3.4,10
1264,2018-12-15,Sat,5533,4,9
1265,2018-12-16,Sun,7203,5.1,11
1266,2018-12-17,Mon,5817,4.1,8
1267,2018-12-18,Tue,4372,2.9,0
1268,2018-12-19,Wed,8654,5,2
1269,2018-12-20,Thu,6640,4.6,11
1270,2018-12-21,Fri,7203,5.1,11
1271,2018-12-22,Sat,17106,12,2
1272,2018-12-23,Sun,8438,5.4,10
1273,2018-12-24,Mon,6186,4.7,3
1274,2018-12-25,Tue,7513,5.1,16
1275,2018-12-26,Wed,3419,2.3,12
1276,2018-12-27,Thu,7241,5,19
1277,2018-12-28,Fri,6755,4.8,16
1278,2018-12-29,Sat,10610,7.1,30
1279,2018-12-30,Sun,10552,7.8,31
1280,2018-12-31,Mon,7142,4.9,1
1281,2019-01-01,Tue,4416,3.1,8
1282,2019-01-02,Wed,5671,3.7,14
1283,2019-01-03,Thu,8995,6.5,9
1284,2019-01-04,Fri,9290,6.7,10
1285,2019-01-05,Sat,7471,4.8,7
1286,2019-01-06,Sun,9360,6.3,10
1287,2019-01-07,Mon,12494,8.8,6
1288,2019-01-08,Tue,8166,4.9,10
1289,2019-01-09,Wed,9655,6.6,11
1290,2019-01-10,Thu,9049,6.1,11
1291,2019-01-11,Fri,9944,6.5,9
1292,2019-01-12,Sat,6601,4.8,6
1293,2019-01-13,Sun,6493,4.2,12
1294,2019-01-14,Mon,0,0,0
1295,2019-01-15,Tue,4509,2.9,10
1296,2019-01-16,Wed,8791,6.5,13
1297,2019-01-17,Thu,7608,5.8,10
1298,2019-01-18,Fri,9636,7.2,8
1299,2019-01-19,Sat,12736,9.2,15
1300,2019-01-20,Sun,8201,5.5,26
1301,2019-01-21,Mon,2737,1.9,4
1302,2019-01-22,Tue,6884,4.9,8
1303,2019-01-23,Wed,6135,4.5,8
1304,2019-01-24,Thu,9200,6.7,8
1305,2019-01-25,Fri,7419,5.5,9
1306,2019-01-26,Sat,6730,4.9,7
1307,2019-01-27,Sun,7299,4.9,6
1308,2019-01-28,Mon,117,0.03,0
1309,2019-01-29,Tue,3730,2.7,0
1310,2019-01-30,Wed,7365,5.4,10
1311,2019-01-31,Thu,6334,4.4,11
1312,2019-02-01,Fri,10816,7.9,5
1313,2019-02-02,Sat,6409,4.8,7
1314,2019-02-03,Sun,2167,1.5,0
1315,2019-02-04,Mon,47,0.02,0
1316,2019-02-05,Tue,16,0.01,0
1317,2019-02-06,Wed,2148,1.5,1
1318,2019-02-07,Thu,3880,2.7,9
1319,2019-02-08,Fri,6291,4.5,11
1320,2019-02-09,Sat,5402,3.9,6
1321,2019-02-10,Sun,1260,0.74,1
1322,2019-02-11,Mon,2226,1.5,0
1323,2019-02-12,Tue,6518,4.4,7
1324,2019-02-13,Wed,7398,5,12
1325,2019-02-14,Thu,7540,5,13
1326,2019-02-15,Fri,6459,4.5,11
1327,2019-02-16,Sat,6241,4.5,10
1328,2019-02-17,Sun,7508,5.2,10
1329,2019-02-18,Mon,9291,6.6,9
1330,2019-02-19,Tue,0,0,0
1331,2019-02-20,Wed,0,0,0
1332,2019-02-21,Thu,7839,5.5,8
1333,2019-02-22,Fri,4495,3.2,9
1334,2019-02-23,Sat,11378,8.4,7
1335,2019-02-24,Sun,6745,4.4,14
1336,2019-02-25,Mon,0,0,0
1337,2019-02-26,Tue,4836,3.4,9
1338,2019-02-27,Wed,8978,6.6,8
1339,2019-02-28,Thu,5301,3.9,9
1340,2019-03-01,Fri,0,0,0
1341,2019-03-02,Sat,6520,4.3,0
1342,2019-03-03,Sun,7213,4.9,14
1343,2019-03-04,Mon,28,0.02,0
1344,2019-03-05,Tue,2569,1.7,7
1345,2019-03-06,Wed,5354,3.8,8
1346,2019-03-07,Thu,7626,5.7,8
1347,2019-03-08,Fri,7465,5.6,8
1348,2019-03-09,Sat,8553,6.3,2
1349,2019-03-10,Sun,5747,4,5
1350,2019-03-11,Mon,4561,2.7,2
1351,2019-03-12,Tue,6248,4.3,8
1352,2019-03-13,Wed,5501,3.9,17
1353,2019-03-14,Thu,5609,4.1,6
1354,2019-03-15,Fri,9989,7.2,11
1355,2019-03-16,Sat,27,0.01,0
1356,2019-03-17,Sun,8609,6.2,21
1357,2019-03-18,Mon,16361,11.6,2
1358,2019-03-19,Tue,20,0.01,0
1359,2019-03-20,Wed,15519,11.1,11
1360,2019-03-21,Thu,0,0,0
1361,2019-03-22,Fri,8,0,0
1362,2019-03-23,Sat,8146,5.7,17
1363,2019-03-24,Sun,7565,5.2,13
1364,2019-03-25,Mon,6538,4.7,0
1365,2019-03-26,Tue,4255,2.7,4
1366,2019-03-27,Wed,8127,5,12
1367,2019-03-28,Thu,5840,4.2,4
1368,2019-03-29,Fri,3128,2.3,0
1369,2019-03-30,Sat,6586,4.7,0
1370,2019-03-31,Sun,22,0,0
1371,2019-04-01,Mon,4065,2.6,1
1372,2019-04-02,Tue,7357,4.9,2
1373,2019-04-03,Wed,6342,4.1,1
1374,2019-04-04,Thu,11441,7.7,14
1375,2019-04-05,Fri,11332,7.7,4
1376,2019-04-06,Sat,12969,9,16
1377,2019-04-07,Sun,10718,7.5,23
1378,2019-04-08,Mon,5119,3.4,4
1379,2019-04-09,Tue,3606,2.3,0
1380,2019-04-10,Wed,6312,3.7,3
1381,2019-04-11,Thu,7302,4.6,2
1382,2019-04-12,Fri,11796,9.1,3
1383,2019-04-13,Sat,5427,3.1,4
1384,2019-04-14,Sun,9816,6.7,21
1385,2019-04-15,Mon,2983,1.9,2
1386,2019-04-16,Tue,5722,3.3,2
1387,2019-04-17,Wed,4348,2.5,3
1388,2019-04-18,Thu,6551,3.8,1
1389,2019-04-19,Fri,13287,8.4,8
1390,2019-04-20,Sat,411,0.3,0
1391,2019-04-21,Sun,11057,7.8,12
1392,2019-04-22,Mon,2031,1.3,0
1393,2019-04-23,Tue,3405,2.1,1
1394,2019-04-24,Wed,5404,3.9,0
1395,2019-04-25,Thu,3040,2.2,5
1396,2019-04-26,Fri,4261,3,10
1397,2019-04-27,Sat,7894,5.5,16
1398,2019-04-28,Sun,64,0.04,0
1399,2019-04-29,Mon,6135,4,1
1400,2019-04-30,Tue,16,0.01,0
1401,2019-05-01,Wed,14,0.01,0
1402,2019-05-02,Thu,60,0.04,0
1403,2019-05-03,Fri,9504,6,4
1404,2019-05-04,Sat,5695,4,0
1405,2019-05-05,Sun,4829,3.2,9
1406,2019-05-06,Mon,8865,6.2,15
1407,2019-05-07,Tue,17,0.01,0
1408,2019-05-08,Wed,11455,8.2,2
1409,2019-05-09,Thu,10590,6.7,9
1410,2019-05-10,Fri,16460,11,20
1411,2019-05-11,Sat,5848,4,9
1412,2019-05-12,Sun,8324,5.5,11
1413,2019-05-13,Mon,7627,5.4,1
1414,2019-05-14,Tue,74,0.05,0
1415,2019-05-15,Wed,23,0.01,0
1416,2019-05-16,Thu,26,0.01,0
1417,2019-05-17,Fri,5411,3.5,5
1418,2019-05-18,Sat,0,0,0
1419,2019-05-19,Sun,5571,3.8,11
1420,2019-05-20,Mon,8101,5.4,11
1421,2019-05-21,Tue,40,0.02,0
1422,2019-05-22,Wed,10833,6.8,1
1423,2019-05-23,Thu,7838,4.6,0
1424,2019-05-24,Fri,8,0,0
1425,2019-05-25,Sat,3180,2.2,0
1426,2019-05-26,Sun,6697,4.5,11
1427,2019-05-27,Mon,58,0.04,0
1428,2019-05-28,Tue,11,0,0
1429,2019-05-29,Wed,8,0,0
1430,2019-05-30,Thu,4176,2.9,1
1431,2019-05-31,Fri,8,0,0
1432,2019-06-01,Sat,0,0,0
1433,2019-06-02,Sun,10883,7.5,10
1434,2019-06-03,Mon,62,0.04,0
1435,2019-06-04,Tue,44,0.03,0
1436,2019-06-05,Wed,0,0,0
1437,2019-06-06,Thu,56,0.04,0
1438,2019-06-07,Fri,9592,6.9,25
1439,2019-06-08,Sat,5825,4.3,1
1440,2019-06-09,Sun,6567,4.8,13
1441,2019-06-10,Mon,44,0.02,0
1442,2019-06-11,Tue,88,0.06,0
1443,2019-06-12,Wed,6108,4.1,1
1444,2019-06-13,Thu,1310,0.71,0
1445,2019-06-14,Fri,2078,1.2,3
1446,2019-06-15,Sat,1092,0.66,1
1447,2019-06-16,Sun,8773,6.4,12
1448,2019-06-17,Mon,0,0,0
1449,2019-06-18,Tue,10,0,0
1450,2019-06-19,Wed,8,0,0
1451,2019-06-20,Thu,9108,6.7,12
1452,2019-06-21,Fri,20,0.01,0
1453,2019-06-22,Sat,6988,4.9,3
1454,2019-06-23,Sun,7261,5,13
1455,2019-06-24,Mon,5544,4,0
1456,2019-06-25,Tue,8567,5.9,25
1457,2019-06-26,Wed,3838,2.6,0
1458,2019-06-27,Thu,6907,5.1,2
1459,2019-06-28,Fri,4917,3.5,2
1460,2019-06-29,Sat,5530,3.9,34
1461,2019-06-30,Sun,5290,3.6,10
1462,2019-07-01,Mon,33,0.02,0
1463,2019-07-02,Tue,3978,2.4,6
1464,2019-07-03,Wed,4563,2.9,1
1465,2019-07-04,Thu,8,0,0
1466,2019-07-05,Fri,6893,5,1
1467,2019-07-06,Sat,4923,3.5,0
1468,2019-07-07,Sun,4763,3.3,10
1469,2019-07-08,Mon,3979,2.4,0
1470,2019-07-09,Tue,6199,4.2,6
1471,2019-07-10,Wed,0,0,0
1472,2019-07-11,Thu,7290,5.2,1
1473,2019-07-12,Fri,6314,4.1,0
1474,2019-07-13,Sat,4221,3.1,0
1475,2019-07-14,Sun,7306,4.9,13
1476,2019-07-15,Mon,4042,2.9,0
1477,2019-07-16,Tue,26,0.01,0
1478,2019-07-17,Wed,4460,3.3,0
1479,2019-07-18,Thu,4109,2.8,0
1480,2019-07-19,Fri,3624,2.5,1
1481,2019-07-20,Sat,7422,4.4,1
1482,2019-07-21,Sun,10261,6.5,13
1483,2019-07-22,Mon,7505,5.5,0
1484,2019-07-23,Tue,0,0,0
1485,2019-07-24,Wed,6050,4.4,0
1486,2019-07-25,Thu,3676,2.7,0
1487,2019-07-26,Fri,7894,5.8,0
1488,2019-07-27,Sat,9,0,0
1489,2019-07-28,Sun,7376,5.3,9
1490,2019-07-29,Mon,7177,4.6,13
1491,2019-07-30,Tue,7234,4.5,9
1492,2019-07-31,Wed,8285,5.5,4
1493,2019-08-01,Thu,10668,7.4,10
1494,2019-08-02,Fri,2489,1.8,0
1495,2019-08-03,Sat,5393,3.8,0
1496,2019-08-04,Sun,9156,6.5,10
1497,2019-08-05,Mon,9668,6.4,2
1498,2019-08-06,Tue,7451,5.6,0
1499,2019-08-07,Wed,2807,1.8,2
1500,2019-08-08,Thu,7695,5.4,1
1501,2019-08-09,Fri,2520,1.8,0
1502,2019-08-10,Sat,8232,5.9,0
1503,2019-08-11,Sun,7902,5.6,13
1504,2019-08-12,Mon,4511,3,0
1505,2019-08-13,Tue,3235,2.3,1
1506,2019-08-14,Wed,7432,4.9,0
1507,2019-08-15,Thu,4204,3.2,0
1508,2019-08-16,Fri,11315,7.9,2
1509,2019-08-17,Sat,3113,2.2,0
1510,2019-08-18,Sun,10260,7.1,6
1511,2019-08-19,Mon,0,0,0
1512,2019-08-20,Tue,4416,3.4,0
1513,2019-08-21,Wed,4601,3.5,0
1514,2019-08-22,Thu,6901,5.3,0
1515,2019-08-23,Fri,7594,5.7,1
1516,2019-08-24,Sat,5243,3.5,4
1517,2019-08-25,Sun,6071,4.5,11
1518,2019-08-26,Mon,27311,20.4,40
1519,2019-08-27,Tue,11930,8.3,12
1520,2019-08-28,Wed,6692,4.9,1
1521,2019-08-29,Thu,6421,4.8,0
1522,2019-08-30,Fri,11396,8.3,3
1523,2019-08-31,Sat,6884,5.2,0
1524,2019-09-01,Sun,5602,4,9
1525,2019-09-02,Mon,14143,10.8,20
1526,2019-09-03,Tue,5686,4.2,0
1527,2019-09-04,Wed,4394,3.3,0
1528,2019-09-05,Thu,6189,4.7,0
1529,2019-09-06,Fri,46,0.03,0
1530,2019-09-07,Sat,35,0.02,0
1531,2019-09-08,Sun,10091,7.4,7
1532,2019-09-09,Mon,4427,3.2,1
1533,2019-09-10,Tue,2965,2.1,1
1534,2019-09-11,Wed,1095,0.74,0
1535,2019-09-12,Thu,9767,6.4,2
1536,2019-09-13,Fri,41,0.03,0
1537,2019-09-14,Sat,0,0,0
1538,2019-09-15,Sun,1617,1,0
1539,2019-09-16,Mon,7710,5.7,0
1540,2019-09-17,Tue,8232,6.3,1
1541,2019-09-18,Wed,6149,4.6,1
1542,2019-09-19,Thu,17570,12.4,4
1543,2019-09-20,Fri,7227,5,3
1544,2019-09-21,Sat,11077,7.8,1
1545,2019-09-22,Sun,6442,4.7,9
1546,2019-09-23,Mon,19103,13.3,2
1547,2019-09-24,Tue,24,0.01,0
1548,2019-09-25,Wed,9507,6.8,0
1549,2019-09-26,Thu,8888,6.2,0
1550,2019-09-27,Fri,7581,5.5,5
1551,2019-09-28,Sat,20550,14.4,8
1552,2019-09-29,Sun,6614,4.9,7
1553,2019-09-30,Mon,16256,11.3,0
1554,2019-10-01,Tue,0,0,0
1555,2019-10-02,Wed,4010,2.6,0
1556,2019-10-03,Thu,35,0,0
1557,2019-10-04,Fri,111,0.07,0
1558,2019-10-05,Sat,0,0,0
1559,2019-10-06,Sun,8901,6.6,10
1560,2019-10-07,Mon,28,0.02,0
1561,2019-10-08,Tue,0,0,0
1562,2019-10-09,Wed,8016,6.2,1
1563,2019-10-10,Thu,6917,5.1,0
1564,2019-10-11,Fri,5116,3.9,0
1565,2019-10-12,Sat,0,0,0
1566,2019-10-13,Sun,13968,11,9.8
1567,2019-10-14,Mon,4183,2.8,3
1568,2019-10-15,Tue,4617,3.3,7
1569,2019-10-16,Wed,0,0,0
1570,2019-10-17,Thu,4877,3.8,0
1571,2019-10-18,Fri,3919,2.8,0
1572,2019-10-19,Sat,5252,3.9,0
1573,2019-10-20,Sun,7082,5.1,6
1574,2019-10-21,Mon,4594,3.1,2
1575,2019-10-22,Tue,9,0,0
1576,2019-10-23,Wed,12901,9.8,2
1577,2019-10-24,Thu,6667,5,6
1578,2019-10-25,Fri,5381,3.9,2
1579,2019-10-26,Sat,5998,4.5,0
1580,2019-10-27,Sun,12925,9.5,7
1581,2019-10-28,Mon,299,0.22,0
1582,2019-10-29,Tue,5574,4,5
1583,2019-10-30,Wed,8101,6.1,1
1584,2019-10-31,Thu,13741,0.6,6
1585,2019-11-01,Fri,3195,2.1,2
1586,2019-11-02,Sat,21367,15.2,6
1587,2019-11-03,Sun,8554,6.4,15
1588,2019-11-04,Mon,4377,3.3,0
1589,2019-11-05,Tue,6359,4.7,0
1590,2019-11-06,Wed,908,0.67,0
1591,2019-11-07,Thu,16760,11.8,0
1592,2019-11-08,Fri,0,0,0
1593,2019-11-09,Sat,5535,4.1,1
1594,2019-11-10,Sun,7391,4.8,19
1595,2019-11-11,Mon,22473,17.1,7
1596,2019-11-12,Tue,9,0,0
1597,2019-11-13,Wed,48,0.03,0
1598,2019-11-14,Thu,0,0,0
1599,2019-11-15,Fri,4541,3.1,2
1600,2019-11-16,Sat,9344,6.2,7
1601,2019-11-17,Sun,4356,3.1,12
1602,2019-11-18,Mon,3947,3,0
1603,2019-11-19,Tue,4535,3.1,3
1604,2019-11-20,Wed,7595,5.9,2
1605,2019-11-21,Thu,9660,7.2,7
1606,2019-11-22,Fri,7135,5.2,0
1607,2019-11-23,Sat,6283,4.7,6
1608,2019-11-24,Sun,5795,4.2,5
1609,2019-11-25,Mon,0,0,0
1610,2019-11-26,Tue,5520,4.1,0
1611,2019-11-27,Wed,4687,3.6,0
1612,2019-11-28,Thu,5927,4.5,0
1613,2019-11-29,Fri,19,0.01,0
1614,2019-11-30,Sat,28,0.01,0
1615,2019-12-01,Sun,6023,4,17
1616,2019-12-02,Mon,6793,4.8,9
1617,2019-12-03,Tue,0,0,0
1618,2019-12-04,Wed,5395,3.8,6
1619,2019-12-05,Thu,11,0,0
1620,2019-12-06,Fri,0,0,0
1621,2019-12-07,Sat,0,0,0
1622,2019-12-08,Sun,6674,4.7,13
1623,2019-12-09,Mon,3967,2.5,0
1624,2019-12-10,Tue,10,0,0
1625,2019-12-11,Wed,8016,5.9,3
1626,2019-12-12,Thu,8,0,0
1627,2019-12-13,Fri,4998,3.4,3
1628,2019-12-14,Sat,10410,7.2,5
1629,2019-12-15,Sun,4836,3.5,14
1630,2019-12-16,Mon,8,0,0
1631,2019-12-17,Tue,5313,4,0
1632,2019-12-18,Wed,4442,3.3,1
1633,2019-12-19,Thu,5871,4.4,0
1634,2019-12-20,Fri,10762,8,0
1635,2019-12-21,Sat,5768,4.2,14
1636,2019-12-22,Sun,6375,4.5,11
1637,2019-12-23,Mon,7281,5.4,0
1638,2019-12-24,Tue,11574,8.6,12
1639,2019-12-25,Wed,9565,6.7,14
1640,2019-12-26,Thu,0,0,0
1641,2019-12-27,Fri,3758,2.9,1
1642,2019-12-28,Sat,3381,2.5,4
1643,2019-12-29,Sun,7099,5,19
1644,2019-12-30,Mon,2382,1.5,0
1645,2019-12-31,Tue,1825,1.3,12
1646,2020-01-01,Wed,4061,3,4
1647,2020-01-02,Thu,7027,5,9
1648,2020-01-03,Fri,14577,10.5,20
1649,2020-01-04,Sat,7264,5,2
1650,2020-01-05,Sun,10044,7.4,26
1651,2020-01-06,Mon,12774,9.2,18
1652,2020-01-07,Tue,2711,1.7,0
1653,2020-01-08,Wed,5461,4.1,7
1654,2020-01-09,Thu,0,0,0
1655,2020-01-10,Fri,9484,7.1,9
1656,2020-01-11,Sat,4939,3.8,2
1657,2020-01-12,Sun,7798,5.9,2
1658,2020-01-13,Mon,15934,11.3,17
1659,2020-01-14,Tue,39,0.02,0
1660,2020-01-15,Wed,11445,8.5,8
1661,2020-01-16,Thu,0,0,0
1662,2020-01-17,Fri,9142,6.6,16
1663,2020-01-18,Sat,9263,6.9,4
1664,2020-01-19,Sun,8102,6,2
1665,2020-01-20,Mon,16970,12.8,11
1666,2020-01-21,Tue,4240,3,0
1667,2020-01-22,Wed,14121,10.7,9
1668,2020-01-23,Thu,1392,0.91,0
1669,2020-01-24,Fri,49,0.03,0
1670,2020-01-25,Sat,8,0,0
1671,2020-01-26,Sun,2035,1.4,0
1672,2020-01-27,Mon,4844,3.5,0
1673,2020-01-28,Tue,5796,4.3,0
1674,2020-01-29,Wed,7012,5.2,6
1675,2020-01-30,Thu,13,0,0
1676,2020-01-31,Fri,12670,8.7,23
1677,2020-02-01,Sat,27,0.02,0
1678,2020-02-02,Sun,14,0.01,0
1679,2020-02-03,Mon,5594,3.9,5
1680,2020-02-04,Tue,20,0,0
1681,2020-02-05,Wed,10566,7.3,25
1682,2020-02-06,Thu,8695,6.3,18
1683,2020-02-07,Fri,8857,6.4,7
1684,2020-02-08,Sat,17,0.01,0
1685,2020-02-09,Sun,9528,7.2,3
1686,2020-02-10,Mon,8198,6,10
1687,2020-02-11,Tue,7062,4.9,7
1688,2020-02-12,Wed,13926,9.7,17
1689,2020-02-13,Thu,5493,4,7
1690,2020-02-14,Fri,11439,8.6,19
1691,2020-02-15,Sat,2652,1.9,0
1692,2020-02-16,Sun,1072,0.63,1
1693,2020-02-17,Mon,9467,7,35
1694,2020-02-18,Tue,9271,6.7,13
1695,2020-02-19,Wed,13489,9.7,15
1696,2020-02-20,Thu,5837,4.3,16
1697,2020-02-21,Fri,14591,10.7,19
1698,2020-02-22,Sat,7353,5.3,22
1699,2020-02-23,Sun,0,0,0
1700,2020-02-24,Mon,12623,9.5,16
1701,2020-02-25,Tue,11645,8.6,16
1702,2020-02-26,Wed,9949,7.5,13
1703,2020-02-27,Thu,10011,7.4,6
1704,2020-02-28,Fri,9043,6.7,7
1705,2020-02-29,Sat,9657,7.4,3
1706,2020-03-01,Sun,35,0.01,0
1707,2020-03-02,Mon,10762,7.9,11
1708,2020-03-03,Tue,9721,7.2,10
1709,2020-03-04,Wed,8112,6.1,17
1710,2020-03-05,Thu,8153,6,14
1711,2020-03-06,Fri,12766,9.3,12
1712,2020-03-07,Sat,0,0,0
1713,2020-03-08,Sun,8208,6.2,1
1714,2020-03-09,Mon,9657,7.1,11
1715,2020-03-10,Tue,7702,5.7,10
1716,2020-03-11,Wed,7502,5.5,6
1717,2020-03-12,Thu,8750,6.5,8
1718,2020-03-13,Fri,15762,11.7,17
1719,2020-03-14,Sat,8,0,0
1720,2020-03-15,Sun,14,0,0
1721,2020-03-16,Mon,0,0,0
1722,2020-03-17,Tue,5178,3.7,0
1723,2020-03-18,Wed,4554,3.3,2
1724,2020-03-19,Thu,2849,1.9,7
1725,2020-03-20,Fri,4404,2.7,2
1726,2020-03-21,Sat,8999,6.6,8
1727,2020-03-22,Sun,19,0.01,0
1728,2020-03-23,Mon,10372,7.7,4
1729,2020-03-24,Tue,10801,8,9
1730,2020-03-25,Wed,8794,6.5,7
1731,2020-03-26,Thu,7613,5.5,5
1732,2020-03-27,Fri,9811,7.2,6
1733,2020-03-28,Sat,12,0,0
1734,2020-03-29,Sun,3971,2.7,0
1735,2020-03-30,Mon,10402,7.6,12
1736,2020-03-31,Tue,7827,5.4,12
1737,2020-04-01,Wed,8447,5.9,10
1738,2020-04-02,Thu,10031,6.8,13
1739,2020-04-03,Fri,11174,8.3,11
1740,2020-04-04,Sat,26,0.01,0
1741,2020-04-05,Sun,0,0,0
1742,2020-04-06,Mon,8534,6.2,9
1743,2020-04-07,Tue,9514,6.7,13
1744,2020-04-08,Wed,10638,7.5,13
1745,2020-04-09,Thu,12022,8.8,17
1746,2020-04-10,Fri,10376,7.8,8
1747,2020-04-11,Sat,3936,2.6,2
1748,2020-04-12,Sun,4098,2.6,1
1749,2020-04-13,Mon,8994,6.5,5
1750,2020-04-14,Tue,12345,8.6,8
1751,2020-04-15,Wed,7145,4.8,4
1752,2020-04-16,Thu,7439,5.1,8
1753,2020-04-17,Fri,10449,7.8,11
1754,2020-04-18,Sat,893,0.56,0
1755,2020-04-19,Sun,4098,2.6,0
1756,2020-04-20,Mon,9267,6.6,11
1757,2020-04-21,Tue,7554,5.6,13
1758,2020-04-22,Wed,8361,6.2,15
1759,2020-04-23,Thu,11153,7.8,17
1760,2020-04-24,Fri,9606,7.1,16
1761,2020-04-25,Sat,0,0,0
1762,2020-04-26,Sun,0,0,0
1763,2020-04-27,Mon,8404,6,11
1764,2020-04-28,Tue,9847,6.9,17
1765,2020-04-29,Wed,10935,7.2,6
1766,2020-04-30,Thu,6786,4.6,4
1767,2020-05-01,Fri,0,0,0
1768,2020-05-02,Sat,45,0.03,0
1769,2020-05-03,Sun,6294,4.5,2
1770,2020-05-04,Mon,0,0,0
1771,2020-05-05,Tue,18,0.01,0
1772,2020-05-06,Wed,12768,9.4,6
1773,2020-05-07,Thu,14782,10.4,7
1774,2020-05-08,Fri,10042,6.9,10
1775,2020-05-09,Sat,407,0.27,0
1776,2020-05-10,Sun,47,0.03,0
1777,2020-05-11,Mon,13374,9.2,11
1778,2020-05-12,Tue,11577,8.2,11
1779,2020-05-13,Wed,11181,8.3,13
1780,2020-05-14,Thu,12283,7.9,8
1781,2020-05-15,Fri,9871,6.5,9
1782,2020-05-16,Sat,6885,5,0
1783,2020-05-17,Sun,8727,6.6,13
1784,2020-05-18,Mon,0,0,0
1785,2020-05-19,Tue,10342,6.5,22
1786,2020-05-20,Wed,6534,4.2,13
1787,2020-05-21,Thu,7523,5.1,25
1788,2020-05-22,Fri,11223,7.2,13
1789,2020-05-23,Sat,12927,9.3,4
1790,2020-05-24,Sun,0,0,0
1791,2020-05-25,Mon,14340,9.8,15
1792,2020-05-26,Tue,774,0.54,1
1793,2020-05-27,Wed,7965,6.1,1
1794,2020-05-28,Thu,12806,9.3,0
1795,2020-05-29,Fri,6531,4.4,7
1796,2020-05-30,Sat,8578,6.6,1
1797,2020-05-31,Sun,4109,2.8,2
1798,2020-06-01,Mon,10283,7.4,17
1799,2020-06-02,Tue,15505,10.6,17
1800,2020-06-03,Wed,13398,9.1,1
1801,2020-06-04,Thu,9803,7.1,24
1802,2020-06-05,Fri,6191,4.3,21
1803,2020-06-06,Sat,4351,3.3,0
1804,2020-06-07,Sun,5871,4.4,10
1805,2020-06-08,Mon,10790,7.6,18
1806,2020-06-09,Tue,10021,7,0
1807,2020-06-10,Wed,2582,1.8,0
1808,2020-06-11,Thu,6328,4.5,10
1809,2020-06-12,Fri,13165,9.8,9
1810,2020-06-13,Sat,10608,7.1,3
1811,2020-06-14,Sun,5705,4.1,0
1812,2020-06-15,Mon,4601,3.2,1
1813,2020-06-16,Tue,10567,7.4,1
1814,2020-06-17,Wed,6092,4.3,2
1815,2020-06-18,Thu,3754,2.3,1
1816,2020-06-19,Fri,5907,3.8,0
1817,2020-06-20,Sat,1376,0.79,0
1818,2020-06-21,Sun,9,0,0
1819,2020-06-22,Mon,11093,7.6,12
1820,2020-06-23,Tue,7075,5.1,1
1821,2020-06-24,Wed,4064,2.8,7
1822,2020-06-25,Thu,10788,7.8,1
1823,2020-06-26,Fri,12835,9.5,3
1824,2020-06-27,Sat,8370,5.5,1
1825,2020-06-28,Sun,7144,5.4,0
1826,2020-06-29,Mon,3490,2.5,0
1827,2020-06-30,Tue,11253,7.8,15
1828,2020-07-01,Wed,8503,6.2,9
1829,2020-07-02,Thu,19741,14,7
1830,2020-07-03,Fri,9802,6.7,7
1831,2020-07-04,Sat,8654,6.4,1
1832,2020-07-05,Sun,7144,5.4,0
1833,2020-07-06,Mon,12533,9.3,5
1834,2020-07-07,Tue,12825,8.9,9
1835,2020-07-08,Wed,9140,6.7,7
1836,2020-07-09,Thu,10004,7.1,6
1837,2020-07-10,Fri,11123,8.3,15
1838,2020-07-11,Sat,8639,6.4,0
1839,2020-07-12,Sun,5534,3.7,2
1840,2020-07-13,Mon,11835,8.4,17
1841,2020-07-14,Tue,10105,7.5,5
1842,2020-07-15,Wed,10022,7.4,9
1843,2020-07-16,Thu,12481,8.9,9
1844,2020-07-17,Fri,9091,6.1,8
1845,2020-07-18,Sat,6145,4.2,5
1846,2020-07-19,Sun,8848,5.9,0
1847,2020-07-20,Mon,11415,8.1,6
1848,2020-07-21,Tue,12848,9.7,13
1849,2020-07-22,Wed,11177,7.7,7
1850,2020-07-23,Thu,7406,4.8,12
1851,2020-07-24,Fri,7733,5.5,7
1852,2020-07-25,Sat,9004,6.6,16
1853,2020-07-26,Sun,8647,6.4,26
1854,2020-07-27,Mon,6457,4.7,7
1855,2020-07-28,Tue,6545,4.8,11
1856,2020-07-29,Wed,4457,3.2,7
1857,2020-07-30,Thu,6978,5.1,5
1858,2020-07-31,Fri,14077,10.4,8
1859,2020-08-01,Sat,0,0,0
1860,2020-08-02,Sun,0,0,0
1861,2020-08-03,Mon,6828,4.9,9
1862,2020-08-04,Tue,10836,8,6
1863,2020-08-05,Wed,8133,5.8,11
1864,2020-08-06,Thu,13268,9.4,8
1865,2020-08-07,Fri,10878,7.9,7
1866,2020-08-08,Sat,30,0.02,0
1867,2020-08-09,Sun,0,0,0
1868,2020-08-10,Mon,8096,5.7,5
1869,2020-08-11,Tue,6571,4.1,1
1870,2020-08-12,Wed,8367,5.1,1
1871,2020-08-13,Thu,16,0.01,0
1872,2020-08-14,Fri,5084,3.3,2
1873,2020-08-15,Sat,1769,1.2,0
1874,2020-08-16,Sun,30,0.02,0
1875,2020-08-17,Mon,3905,2.9,0
1876,2020-08-18,Tue,13985,10.1,8
1877,2020-08-19,Wed,6709,4.8,6
1878,2020-08-20,Thu,13070,9.7,10
1879,2020-08-21,Fri,15050,11.1,8
1880,2020-08-22,Sat,2870,2,2
1881,2020-08-23,Sun,2583,1.9,1
1882,2020-08-24,Mon,8806,6.5,6
1883,2020-08-25,Tue,14221,10.3,4
1884,2020-08-26,Wed,10283,7.3,8
1885,2020-08-27,Thu,9893,7.2,6
1886,2020-08-28,Fri,15215,11.3,5
1887,2020-08-29,Sat,3162,2.2,4
1888,2020-08-30,Sun,1668,1,0
1889,2020-08-31,Mon,2024,1.3,0
1890,2020-09-01,Tue,12735,9.1,9
1891,2020-09-02,Wed,9537,7,10
1892,2020-09-03,Thu,11828,8.4,22
1893,2020-09-04,Fri,10278,7.5,8
1894,2020-09-05,Sat,7778,5.8,1
1895,2020-09-06,Sun,2834,1.9,2
1896,2020-09-07,Mon,4033,2.9,12
1897,2020-09-08,Tue,10187,7.5,9
1898,2020-09-09,Wed,14097,10.2,6
1899,2020-09-10,Thu,18919,14.1,13
1900,2020-09-11,Fri,11700,8.2,5
1901,2020-09-12,Sat,2462,1.6,2
1902,2020-09-13,Sun,4227,2.7,11
1903,2020-09-14,Mon,15222,11.3,3
1904,2020-09-15,Tue,21385,15.6,5
1905,2020-09-16,Wed,12963,9.4,13
1906,2020-09-17,Thu,16046,11.5,7
1907,2020-09-18,Fri,20096,14.7,6
1908,2020-09-19,Sat,4953,3.4,0
1909,2020-09-20,Sun,9284,6.5,8
1910,2020-09-21,Mon,19075,13.9,8
1911,2020-09-22,Tue,16595,11.7,6
1912,2020-09-23,Wed,15842,11,6
1913,2020-09-24,Thu,12502,9,6
1914,2020-09-25,Fri,11930,8.5,9
1915,2020-09-26,Sat,5036,3.6,0
1916,2020-09-27,Sun,3326,2.3,3
1917,2020-09-28,Mon,2104,1.2,0
1918,2020-09-29,Tue,3830,2.4,0
1919,2020-09-30,Wed,5275,3.6,0
1920,2020-10-01,Thu,0,0,0
1921,2020-10-02,Fri,1292,0.76,0
1922,2020-10-03,Sat,5111,3.1,12
1923,2020-10-04,Sun,6419,4.6,5
1924,2020-10-05,Mon,10824,7.7,3
1925,2020-10-06,Tue,14338,10.5,2
1926,2020-10-07,Wed,13048,9.5,6
1927,2020-10-08,Thu,16556,12.3,9
1928,2020-10-09,Fri,15078,9.9,2
1929,2020-10-10,Sat,9489,6,30
1930,2020-10-11,Sun,11475,8.4,2
1931,2020-10-12,Mon,16088,12.1,5
1932,2020-10-13,Tue,13138,6,9.7
1933,2020-10-14,Wed,14475,10.5,5
1934,2020-10-15,Thu,13018,9.7,7
1935,2020-10-16,Fri,7754,5.6,10
1936,2020-10-17,Sat,8254,6.1,26
1937,2020-10-18,Sun,15168,11.9,2
1938,2020-10-19,Mon,21698,16,4
1939,2020-10-20,Tue,16910,11.8,5
1940,2020-10-21,Wed,13838,10.3,10
1941,2020-10-22,Thu,17775,12.7,8
1942,2020-10-23,Fri,15064,11.2,11
1943,2020-10-24,Sat,4062,2.8,0
1944,2020-10-25,Sun,10927,8,19
1945,2020-10-26,Mon,18378,13.7,7
1946,2020-10-27,Tue,14861,10.6,5
1947,2020-10-28,Wed,7936,5.3,6
1948,2020-10-29,Thu,13502,10.1,5
1949,2020-10-30,Fri,7592,5.2,4
1950,2020-10-31,Sat,8888,6.8,18
1951,2020-11-01,Sun,10273,7.5,18
1952,2020-11-02,Mon,15618,11.1,5
1953,2020-11-03,Tue,7495,5.3,3
1954,2020-11-04,Wed,8869,6.3,24
1955,2020-11-05,Thu,9510,6.7,0
1956,2020-11-06,Fri,5750,3.4,1
1957,2020-11-07,Sat,7987,4.9,5
1958,2020-11-08,Sun,9385,7.1,6
1959,2020-11-09,Mon,0,0,0
1960,2020-11-10,Tue,8947,6.6,23
1961,2020-11-11,Wed,6268,4.8,1
1962,2020-11-12,Thu,11053,8.2,3
1963,2020-11-13,Fri,0,0,0
1964,2020-11-14,Sat,9245,7,1
1965,2020-11-15,Sun,5735,4.2,0
1966,2020-11-16,Mon,4106,2.9,0
1967,2020-11-17,Tue,8567,6.4,21
1968,2020-11-18,Wed,6614,4.9,1
1969,2020-11-19,Thu,5501,4.2,2
1970,2020-11-20,Fri,6140,4.7,1
1971,2020-11-21,Sat,8174,6,0
1972,2020-11-22,Sun,15,0.01,0
1973,2020-11-23,Mon,8707,6.7,0
1974,2020-11-24,Tue,9336,6.7,10
1975,2020-11-25,Wed,6637,5.1,0
1976,2020-11-26,Thu,9734,6.8,3
1977,2020-11-27,Fri,2535,1.5,2
1978,2020-11-28,Sat,3593,2.6,5
1979,2020-11-29,Sun,4692,3.2,2
1980,2020-11-30,Mon,3532,2.5,0
1981,2020-12-01,Tue,10408,8,8
1982,2020-12-02,Wed,9000,6.9,2
1983,2020-12-03,Thu,6723,4.9,1
1984,2020-12-04,Fri,20084,14.7,11
1985,2020-12-05,Sat,26,0.02,0
1986,2020-12-06,Sun,0,0,0
1987,2020-12-07,Mon,6462,5,1
1988,2020-12-08,Tue,5491,4.2,2
1989,2020-12-09,Wed,9865,7.5,2
1990,2020-12-10,Thu,6932,5.5,1
1991,2020-12-11,Fri,1966,1.4,0
1992,2020-12-12,Sat,7855,6,1
1993,2020-12-13,Sun,8,0,0
1994,2020-12-14,Mon,6690,5.2,2
1995,2020-12-15,Tue,7169,5.3,2
1996,2020-12-16,Wed,5816,4,0
1997,2020-12-17,Thu,13726,10.6,2
1998,2020-12-18,Fri,7172,5.4,2
1999,2020-12-19,Sat,0,0,0
2000,2020-12-20,Sun,8,0,0
2001,2020-12-21,Mon,8277,5.9,2
2002,2020-12-22,Tue,11022,8.3,10
2003,2020-12-23,Wed,13556,10.2,1
2004,2020-12-24,Thu,8746,5.5,3
2005,2020-12-25,Fri,6144,4,5
2006,2020-12-26,Sat,7685,4.8,1
2007,2020-12-27,Sun,1367,0.99,0
2008,2020-12-28,Mon,6778,5.3,1
2009,2020-12-29,Tue,10966,8,17
2010,2020-12-30,Wed,4783,3,1
2011,2020-12-31,Thu,4541,3.2,4
2012,2021-01-01,Fri,7272,5.3,1
2013,2021-01-02,Sat,0,0,0
2014,2021-01-03,Sun,7120,4.5,1
2015,2021-01-04,Mon,5751,3.7,1
2016,2021-01-05,Tue,15578,10.8,4
2017,2021-01-06,Wed,11190,7.7,1
2018,2021-01-07,Thu,0,0,0
2019,2021-01-08,Fri,4006,2.7,0
2020,2021-01-09,Sat,4381,2.9,0
2021,2021-01-10,Sun,7800,4.7,1
2022,2021-01-11,Mon,8932,4.8,3
2023,2021-01-12,Tue,0,0,0
2024,2021-01-13,Wed,10975,8.3,3
2025,2021-01-14,Thu,7551,5.5,32
2026,2021-01-15,Fri,7044,5.2,0
2027,2021-01-16,Sat,0,0,0
2028,2021-01-17,Sun,8865,6.8,35
2029,2021-01-18,Mon,7703,5.4,2
2030,2021-01-19,Tue,14068,10.1,18
2031,2021-01-20,Wed,7244,5.6,1
2032,2021-01-21,Thu,7,0,0
2033,2021-01-22,Fri,8365,6.1,31
2034,2021-01-23,Sat,8,0,0
2035,2021-01-24,Sun,7699,5.2,1
2036,2021-01-25,Mon,10480,7.5,2
2037,2021-01-26,Tue,3740,2.4,3
2038,2021-01-27,Wed,7108,5.5,2
2039,2021-01-28,Thu,3393,2.2,2
2040,2021-01-29,Fri,14198,10.8,4
2041,2021-01-30,Sat,0,0,0
2042,2021-01-31,Sun,8338,5.9,2
2043,2021-02-01,Mon,4203,2.9,4
2044,2021-02-02,Tue,10604,6.9,15
2045,2021-02-03,Wed,9567,7.2,1
2046,2021-02-04,Thu,8102,6.3,1
2047,2021-02-05,Fri,17291,13.2,2
2048,2021-02-06,Sat,5408,4.1,2
2049,2021-02-07,Sun,6249,4.4,2
2050,2021-02-08,Mon,8517,6.6,2
2051,2021-02-09,Tue,7292,5.2,8
2052,2021-02-10,Wed,4920,3.3,2
2053,2021-02-11,Thu,10,0,0
2054,2021-02-12,Fri,65,0.03,0
2055,2021-02-13,Sat,24,0.01,0
2056,2021-02-14,Sun,1641,0.82,0
2057,2021-02-15,Mon,7061,4.4,9
2058,2021-02-16,Tue,5294,3.7,5
2059,2021-02-17,Wed,5397,3.2,13
2060,2021-02-18,Thu,5140,3.7,7
2061,2021-02-19,Fri,55,0.03,0
2062,2021-02-20,Sat,8,0,0
2063,2021-02-21,Sun,33,0.02,0
2064,2021-02-22,Mon,5236,3.8,9
2065,2021-02-23,Tue,9198,6.8,5
2066,2021-02-24,Wed,9848,7.2,9
2067,2021-02-25,Thu,5369,3.7,5
2068,2021-02-26,Fri,14764,10.7,12
2069,2021-02-27,Sat,4710,3.2,3
2070,2021-02-28,Sun,5195,3.6,2
2071,2021-03-01,Mon,0,0,0
2072,2021-03-02,Tue,6720,5,7
2073,2021-03-03,Wed,8378,6.3,4
2074,2021-03-04,Thu,7741,5.5,3
2075,2021-03-05,Fri,7777,5.6,10
2076,2021-03-06,Sat,10068,7.1,14
2077,2021-03-07,Sun,7788,5.9,1
2078,2021-03-08,Mon,9131,6.7,5
2079,2021-03-09,Tue,6029,4.1,6
2080,2021-03-10,Wed,7751,5.7,5
2081,2021-03-11,Thu,7490,5.5,6
2082,2021-03-12,Fri,8522,6,7
2083,2021-03-13,Sat,9,0,0
2084,2021-03-14,Sun,6084,3.8,1
2085,2021-03-15,Mon,7457,5.5,7
2086,2021-03-16,Tue,5003,3.7,7
2087,2021-03-17,Wed,6950,4.9,9
2088,2021-03-18,Thu,7912,5.9,6
2089,2021-03-19,Fri,8085,5.5,7
2090,2021-03-20,Sat,4701,3.1,2
2091,2021-03-21,Sun,8560,5.9,8
2092,2021-03-22,Mon,6178,4.4,8
2093,2021-03-23,Tue,5875,3.6,11
2094,2021-03-24,Wed,7646,5.5,11
2095,2021-03-25,Thu,9852,6.7,10
2096,2021-03-26,Fri,5878,4.3,8
2097,2021-03-27,Sat,7541,4.7,3
2098,2021-03-28,Sun,10949,8,1
2099,2021-03-29,Mon,5988,4.2,6
2100,2021-03-30,Tue,7455,4.9,6
2101,2021-03-31,Wed,11003,7.7,10
2102,2021-04-01,Thu,12728,9.1,9
2103,2021-04-02,Fri,12605,8.9,10
2104,2021-04-03,Sat,10,0,0
2105,2021-04-04,Sun,19656,12.5,2
2106,2021-04-05,Mon,7158,4.8,11
2107,2021-04-06,Tue,10855,7.5,5
2108,2021-04-07,Wed,7193,4.8,8
2109,2021-04-08,Thu,8978,5.9,10
2110,2021-04-09,Fri,9197,6.6,13
2111,2021-04-10,Sat,6751,4.9,1
2112,2021-04-11,Sun,5415,3.5,2
2113,2021-04-12,Mon,5413,3.8,8
2114,2021-04-13,Tue,10166,7.5,11
2115,2021-04-14,Wed,12465,9.3,15
2116,2021-04-15,Thu,14773,11,9
2117,2021-04-16,Fri,9799,6.7,12
2118,2021-04-17,Sat,4478,3.1,0
2119,2021-04-18,Sun,16015,10,2
2120,2021-04-19,Mon,12594,9.1,4
2121,2021-04-20,Tue,7522,5.2,1
2122,2021-04-21,Wed,9705,7.3,9
2123,2021-04-22,Thu,12589,8.3,7
2124,2021-04-23,Fri,12915,9.7,7
2125,2021-04-24,Sat,3768,2.5,1
2126,2021-04-25,Sun,4179,3.1,0
2127,2021-04-26,Mon,14086,10.6,8
2128,2021-04-27,Tue,11716,8.4,7
2129,2021-04-28,Wed,8308,5.6,6
2130,2021-04-29,Thu,11286,8,10
2131,2021-04-30,Fri,11163,8.1,10
2132,2021-05-01,Sat,0,0,0
2133,2021-05-02,Sun,4007,2.7,2
2134,2021-05-03,Mon,14006,10.4,6
2135,2021-05-04,Tue,10691,7.6,11
2136,2021-05-05,Wed,13188,9.1,26
2137,2021-05-06,Thu,11195,8.2,8
2138,2021-05-07,Fri,1813,1,0
2139,2021-05-08,Sat,8761,6,5
2140,2021-05-09,Sun,5516,3.8,0
2141,2021-05-10,Mon,14236,10.3,9
2142,2021-05-11,Tue,11358,8.2,6
2143,2021-05-12,Wed,15957,11.8,19
2144,2021-05-13,Thu,8519,6.3,2
2145,2021-05-14,Fri,4563,2.9,3
2146,2021-05-15,Sat,31,0.02,0
2147,2021-05-16,Sun,33,0.02,0
2148,2021-05-17,Mon,9441,6.7,9
2149,2021-05-18,Tue,11095,8.1,10
2150,2021-05-19,Wed,12009,7.8,1
2151,2021-05-20,Thu,8106,6,10
2152,2021-05-21,Fri,12440,9.2,8
2153,2021-05-22,Sat,7427,5.4,1
2154,2021-05-23,Sun,9697,7.1,2
2155,2021-05-24,Mon,15663,11.4,7
2156,2021-05-25,Tue,13259,9.3,13
2157,2021-05-26,Wed,7658,5.3,11
2158,2021-05-27,Thu,14002,10,6
2159,2021-05-28,Fri,10359,6.7,6
2160,2021-05-29,Sat,0,0,0
2161,2021-05-30,Sun,3104,1.9,0
2162,2021-05-31,Mon,9168,6.4,6
2163,2021-06-01,Tue,12287,8.1,8
2164,2021-06-02,Wed,15051,11,10
2165,2021-06-03,Thu,6328,4.1,8
2166,2021-06-04,Fri,16335,12.1,8
2167,2021-06-05,Sat,4799,3.3,0
2168,2021-06-06,Sun,11,0,0
2169,2021-06-07,Mon,12947,8.2,10
2170,2021-06-08,Tue,13998,9.3,6
2171,2021-06-09,Wed,9801,7.1,6
2172,2021-06-10,Thu,10185,7.5,7
2173,2021-06-11,Fri,12880,9.6,9
2174,2021-06-12,Sat,6611,4.4,3
2175,2021-06-13,Sun,7170,4.9,4
2176,2021-06-14,Mon,15330,10.7,8
2177,2021-06-15,Tue,12145,8.4,6
2178,2021-06-16,Wed,15486,11,8
2179,2021-06-17,Thu,13966,10.2,9
2180,2021-06-18,Fri,13931,9,14
2181,2021-06-19,Sat,0,0,0
2182,2021-06-20,Sun,4971,3.5,0
2183,2021-06-21,Mon,14112,9.8,10
2184,2021-06-22,Tue,13729,9.1,10
2185,2021-06-23,Wed,6647,4.9,7
2186,2021-06-24,Thu,10812,7.7,14
2187,2021-06-25,Fri,4592,3.3,7
2188,2021-06-26,Sat,4048,2.8,3
2189,2021-06-27,Sun,3952,2.6,2
2190,2021-06-28,Mon,7650,5,7
2191,2021-06-29,Tue,9223,6,6
2192,2021-06-30,Wed,7298,5.3,7
2193,2021-07-01,Thu,4973,3.3,2
2194,2021-07-02,Fri,7391,4.9,2
2195,2021-07-03,Sat,19291,12.6,4
2196,2021-07-04,Sun,1704,1,0
2197,2021-07-05,Mon,6679,4.9,8
2198,2021-07-06,Tue,7412,5.5,9
2199,2021-07-07,Wed,8077,5.8,7
2200,2021-07-08,Thu,8489,6.2,8
2201,2021-07-09,Fri,10103,7.4,9
2202,2021-07-10,Sat,2499,1.6,0
2203,2021-07-11,Sun,12527,8.5,2
2204,2021-07-12,Mon,5453,4.1,1
2205,2021-07-13,Tue,5768,3.8,3
2206,2021-07-14,Wed,373,2.8,1
2207,2021-07-15,Thu,5243,3.8,2
2208,2021-07-16,Fri,10105,6.5,3
2209,2021-07-17,Sat,3626,2.6,1
2210,2021-07-18,Sun,14,0.01,0
2211,2021-07-19,Mon,35,0.02,0
2212,2021-07-20,Tue,942,0.67,1
2213,2021-07-21,Wed,7107,4.9,1
2214,2021-07-22,Thu,6424,4.3,1
2215,2021-07-23,Fri,0,0,0
2216,2021-07-24,Sat,6277,4,0
2217,2021-07-25,Sun,7800,5.4,0
2218,2021-07-26,Mon,6075,4.4,1
2219,2021-07-27,Tue,6910,4.6,1
2220,2021-07-28,Wed,8984,6.1,0
2221,2021-07-29,Thu,297,0.19,3
2222,2021-07-30,Fri,5869,4.1,0
2223,2021-07-31,Sat,399,0.19,1
2224,2021-08-01,Sun,0,0,0
2225,2021-08-02,Mon,8254,5.8,2
2226,2021-08-03,Tue,5031,3.9,1
2227,2021-08-04,Wed,22,0.01,0
2228,2021-08-05,Thu,0,0,0
2229,2021-08-06,Fri,14,0,0
2230,2021-08-07,Sat,1558,1.1,0
2231,2021-08-08,Sun,22,0.01,0
2232,2021-08-09,Mon,11597,7.3,0
2233,2021-08-10,Tue,4731,3.2,0
2234,2021-08-11,Wed,2715,1.9,1
2235,2021-08-12,Thu,18771,13.5,6
2236,2021-08-13,Fri,7613,6.3,1
2237,2021-08-14,Sat,9668,7.3,0
2238,2021-08-15,Sun,9313,6.3,1
2239,2021-08-16,Mon,8707,6.3,1
2240,2021-08-17,Tue,8,0,0
2241,2021-08-18,Wed,11678,8.3,1
2242,2021-08-19,Thu,4334,3.2,1
2243,2021-08-20,Fri,7482,5,1
2244,2021-08-21,Sat,3977,2.4,2
2245,2021-08-22,Sun,0,0,0
2246,2021-08-23,Mon,0,0,0
2247,2021-08-24,Tue,7195,5.3,0
2248,2021-08-25,Wed,7308,5.2,2
2249,2021-08-26,Thu,9328,6.8,5
2250,2021-08-27,Fri,48,0.03,0
2251,2021-08-28,Sat,2345,1.6,0
2252,2021-08-29,Sun,12450,7.8,1
2253,2021-08-30,Mon,0,0,0
2254,2021-08-31,Tue,0,0,0
2255,2021-09-01,Wed,3915,2.7,3
2256,2021-09-02,Thu,0,0,0
2257,2021-09-03,Fri,2121,1.3,0
2258,2021-09-04,Sat,9,0,0
2259,2021-09-05,Sun,0,0,0
2260,2021-09-06,Mon,15570,11,11
2261,2021-09-07,Tue,8339,5.9,12
2262,2021-09-08,Wed,28,0.02,0
2263,2021-09-09,Thu,13378,9.6,10
2264,2021-09-10,Fri,2403,1.7,1
2265,2021-09-11,Sat,0,0,0
2266,2021-09-12,Sun,3943,2.5,2
2267,2021-09-13,Mon,0,0,0
2268,2021-09-14,Tue,17,0.01,0
2269,2021-09-15,Wed,0,0,0
2270,2021-09-16,Thu,5966,4.3,1
2271,2021-09-17,Fri,5334,3.9,0
2272,2021-09-18,Sat,1475,0.88,0
2273,2021-09-19,Sun,0,0,0
2274,2021-09-20,Mon,4170,2.8,1
2275,2021-09-21,Tue,0,0,0
2276,2021-09-22,Wed,0,0,0
2277,2021-09-23,Thu,1744,1.2,0
2278,2021-09-24,Fri,11509,8.4,10
2279,2021-09-25,Sat,22415,16.4,2
2280,2021-09-26,Sun,7837,5.9,1
2281,2021-09-27,Mon,11951,8.8,7
2282,2021-09-28,Tue,14282,10.5,5
2283,2021-09-29,Wed,14407,10.3,0
2284,2021-09-30,Thu,14127,10,1
2285,2021-10-01,Fri,12574,9.1,1
2286,2021-10-02,Sat,8906,5.7,2
2287,2021-10-03,Sun,12865,8,2
2288,2021-10-04,Mon,0,0,0
2289,2021-10-05,Tue,13415,9.4,1
2290,2021-10-06,Wed,10787,7.3,1
2291,2021-10-07,Thu,14963,10.3,1
2292,2021-10-08,Fri,20133,13.8,54
2293,2021-10-09,Sat,9745,6.8,1
2294,2021-10-10,Sun,12784,7.5,12
2295,2021-10-11,Mon,17831,11,142
2296,2021-10-12,Tue,8893,6.6,4
2297,2021-10-13,Wed,4126,2.8,1
2298,2021-10-14,Thu,24,0.01,0
2299,2021-10-15,Fri,12148,8.3,2
2300,2021-10-16,Sat,12466,8.8,3
2301,2021-10-17,Sun,8144,5.7,1
2302,2021-10-18,Mon,9670,6.7,1
2303,2021-10-19,Tue,5692,4,10
2304,2021-10-20,Wed,26180,19.1,8
2305,2021-10-21,Thu,15029,10.1,1
2306,2021-10-22,Fri,12442,8.4,7
2307,2021-10-23,Sat,9643,6.8,1
2308,2021-10-24,Sun,12199,8.2,1
2309,2021-10-25,Mon,12798,8.5,3
2310,2021-10-26,Tue,6681,4,1
2311,2021-10-27,Wed,4375,3,0
2312,2021-10-28,Thu,12160,8.3,2
2313,2021-10-29,Fri,8846,6.2,7
2314,2021-10-30,Sat,7488,5.2,1
2315,2021-10-31,Sun,2,0,0
2316,2021-11-01,Mon,6519,4.7,0
2317,2021-11-02,Tue,12593,8.7,3
2318,2021-11-03,Wed,5125,3.6,5
2319,2021-11-04,Thu,4213,2.9,0
2320,2021-11-05,Fri,10460,7.4,0
2321,2021-11-06,Sat,8478,6.1,5
2322,2021-11-07,Sun,7688,4.3,0
2323,2021-11-08,Mon,2817,1.9,1
2324,2021-11-09,Tue,6256,4.2,0
2325,2021-11-10,Wed,6549,4.5,0
2326,2021-11-11,Thu,2375,1.6,3
2327,2021-11-12,Fri,3586,2.3,0
2328,2021-11-13,Sat,1727,1.2,0
2329,2021-11-14,Sun,55,0.03,0
2330,2021-11-15,Mon,9115,5.8,20
2331,2021-11-16,Tue,1654,1.1,0
2332,2021-11-17,Wed,11851,8.6,2
2333,2021-11-18,Thu,8028,5.6,3
2334,2021-11-19,Fri,11057,7.9,13
2335,2021-11-20,Sat,6451,4.7,5
2336,2021-11-21,Sun,11730,8.1,7
2337,2021-11-22,Mon,299,0.18,0
2338,2021-11-23,Tue,23,0.01,0
2339,2021-11-24,Wed,95,0.09,0
2340,2021-11-25,Thu,59,0.03,0
2341,2021-11-26,Fri,28,0.01,0
2342,2021-11-27,Sat,8876,6.3,2
2343,2021-11-28,Sun,8551,5.2,1
2344,2021-11-29,Mon,5587,3.9,0
2345,2021-11-30,Tue,8512,5,7
2346,2021-12-01,Wed,7681,5.6,1
2347,2021-12-02,Thu,7744,5.8,2
2348,2021-12-03,Fri,7607,5.8,1
2349,2021-12-04,Sat,7749,5.7,1
2350,2021-12-05,Sun,14852,9.9,7
2351,2021-12-06,Mon,7918,5.6,1
2352,2021-12-07,Tue,14920,10.5,2
2353,2021-12-08,Wed,9985,7.2,1
2354,2021-12-09,Thu,37,0.02,0
2355,2021-12-10,Fri,14577,10.3,2
2356,2021-12-11,Sat,6393,4.6,1
2357,2021-12-12,Sun,1198,0.86,0
2358,2021-12-13,Mon,7518,5.4,2
2359,2021-12-14,Tue,7744,5.7,1
2360,2021-12-15,Wed,8185,5.9,1
2361,2021-12-16,Thu,7006,4.9,0
2362,2021-12-17,Fri,8005,5.5,20
2363,2021-12-18,Sat,9874,6.8,0
2364,2021-12-19,Sun,8187,4.7,3
2365,2021-12-20,Mon,8568,6.2,1
2366,2021-12-21,Tue,7677,5.7,1
2367,2021-12-22,Wed,8058,5.5,1
2368,2021-12-23,Thu,9466,6.9,1
2369,2021-12-24,Fri,188,0.12,0
2370,2021-12-25,Sat,98,0.06,0
2371,2021-12-26,Sun,8287,4.7,3
2372,2021-12-27,Mon,2650,1.5,0
2373,2021-12-28,Tue,7278,4.7,1
2374,2021-12-29,Wed,7154,4.5,1
2375,2021-12-30,Thu,10018,7.3,2
2376,2021-12-31,Fri,10121,6.8,3
